,link,datetime
0,https://www.thenews.com.pk/latest/594021-bjps-student-wing-allegedly-attack-university-students-and-teachers,"January 5, 2020"
1,https://www.thenews.com.pk/print/727114-man-held-for-throwing-girl-out-of-vehicle,"October 10, 2020"
2,https://www.thenews.com.pk/print/474619-online-blackmail,"May 22, 2019"
3,https://www.thenews.com.pk/print/81490-Let-Girls-go-to-School-event-held,"December 13, 2015"
4,https://www.thenews.com.pk/print/139981-Draft-bill-against-honour-killings-prepared,"August 4, 2016"
5,https://www.thenews.com.pk/print/436147-lahore-literary-festival-gender-issues-honour-killings-highlighted,"February 24, 2019"
6,https://www.thenews.com.pk/print/300651-report-on-child-sexual-abuse-launched-3-445-children-abused-in-pakistan-last-year,"April 5, 2018"
7,https://www.thenews.com.pk/print/575271-formation-of-parliamentary-committee-against-forced-conversions-lauded,"November 28, 2019"
8,https://www.thenews.com.pk/print/370968-reforms-and-the-police-force,"September 20, 2018"
9,https://www.thenews.com.pk/print/629448-kp-police-set-up-wing-to-research-child-abuse-heinous-crimes,"March 15, 2020"
10,https://www.thenews.com.pk/latest/422611-have-been-running-pillar-to-post-but-to-no-avail-maryam-on-nawaz-sharifs-health,"January 23, 2019"
11,https://www.thenews.com.pk/latest/600602-shc-suspends-judicial-magistrate-for-allegedly-raping-woman-in-his-chambers,"January 18, 2020"
12,https://www.thenews.com.pk/print/656578-boy-assaulted,"May 10, 2020"
13,https://www.thenews.com.pk/print/695075-aug-4-to-be-marked-as-police-shuhada-day,"August 1, 2020"
14,https://www.thenews.com.pk/print/739355-motorway-gang-rape-accused-confesses-to-crime,"November 5, 2020"
15,https://www.thenews.com.pk/print/420830-india-court-orders-security-for-women-who-entered-flashpoint-temple,"January 19, 2019"
16,https://www.thenews.com.pk/archive/print/513076-two-killed-in-charsadda-incidents,"July 8, 2014"
17,https://www.thenews.com.pk/print/740821-man-kills-sister-for-honour,"November 8, 2020"
18,https://www.thenews.com.pk/print/738928-man-shoots-wife-alleged-paramour-dead,"November 4, 2020"
19,https://www.thenews.com.pk/print/738933-bd-high-court-questions-ban-on-marital-rape-prosecutions,"November 4, 2020"
20,https://www.thenews.com.pk/latest/719421-kangana-ranaut-brings-back-old-video-of-anurag-kashyap-confessing-of-child-abuse,"September 24, 2020"
21,https://www.thenews.com.pk/print/752508-sc-acquits-accused-of-rape-murder-of-widow,"December 2, 2020"
22,https://www.thenews.com.pk/print/85051-Honour-killing-cases-to-be-heard-in-anti-terrorism-court-minister,"December 30, 2015"
23,https://www.thenews.com.pk/print/361889-increase-in-child-abuse-cases-reported-in-first-six-months-of-2018,"August 31, 2018"
24,https://www.thenews.com.pk/print/719319-son-of-late-parliamentarian-among-clifton-gang-rape-suspects,"September 24, 2020"
25,https://www.thenews.com.pk/print/108937-In-the-name-of-honour,"March 30, 2016"
26,https://www.thenews.com.pk/archive/print/275368-shc-reserves-order-on-petitions-against-bank-harassment,"December 19, 2010"
27,https://www.thenews.com.pk/print/683111-five-year-old-boy-becomes-year-s-first-polio-victim-in-karachi,"July 7, 2020"
28,https://www.thenews.com.pk/print/735837-minor-girl-abducted-in-surjani-town,"October 28, 2020"
29,https://www.thenews.com.pk/latest/737029-teenager-allegedly-subjects-five-year-old-girl-to-sexual-assault-in-india,"October 30, 2020"
30,https://www.thenews.com.pk/latest/698336-locals-shave-head-blacken-face-of-man-who-allegedly-travelled-to-meet-woman-in-chunian,"August 9, 2020"
31,https://www.thenews.com.pk/print/155795-Honour-Killing-Bill-in-conflict-with-Quran-Sunnah-says-Siraj,"October 8, 2016"
32,https://www.thenews.com.pk/print/717719-putting-an-end-to-rape,"September 21, 2020"
33,https://www.thenews.com.pk/print/93238-Court-declares-16-year-old-converted-girls-marriage-valid,"January 24, 2016"
34,https://www.thenews.com.pk/latest/685751-world-leaders-unite-at-uks-remembering-srebrenica-memorial-day,"July 13, 2020"
35,https://www.thenews.com.pk/print/750241-rape-laws,"November 28, 2020"
36,https://www.thenews.com.pk/print/737238-forced-marriage,"November 1, 2020"
37,https://www.thenews.com.pk/latest/740910-mother-daughter-allegedly-raped-by-men-at-gunpoint-in-faisalabad,"November 8, 2020"
38,https://www.thenews.com.pk/print/711624-eleven-more-suspects-detained-in-minor-girl-s-rape-and-murder-case,"September 8, 2020"
39,https://www.thenews.com.pk/archive/print/306016-more-turkish-women-run-for-parliament,"June 11, 2011"
40,https://www.thenews.com.pk/print/750526-five-year-old-girl-dies-after-falling-into-manhole,"November 28, 2020"
41,https://www.thenews.com.pk/print/723951-girl-gang-raped-in-lahore-hotel,"October 3, 2020"
42,https://www.thenews.com.pk/print/612322-us-city-appoints-its-first-muslim-police-chief,"February 11, 2020"
43,https://www.thenews.com.pk/print/747901-minor-girl-killed-in-aerial-firingkasur-a-13-year-old-girl-was-killed-and-three-other-women-sustained-bullet-injuries-in-an-aerial-firing-during-a-wedding-ceremony-at-taragarh-chak-44-village,"November 23, 2020"
44,https://www.thenews.com.pk/print/569990-ulema-committees-to-curb-honour-killings-in-torghar,"November 17, 2019"
45,https://www.thenews.com.pk/latest/678176-myka-stauffer-comes-out-about-backlash-over-allegedly-profiting-off-huxley,"June 26, 2020"
46,https://www.thenews.com.pk/print/60234-pakistan-needs-decades-to-ensure-gender-equality,"September 3, 2015"
47,https://www.thenews.com.pk/print/319185-if-kin-pardons-in-honour-killing-state-to-be-party-in-punjab,"May 20, 2018"
48,https://www.thenews.com.pk/print/688487-girl-abducted-in-daska,"July 18, 2020"
49,https://www.thenews.com.pk/print/322789-beatings-rape-and-non-stop-work,"May 29, 2018"
50,https://www.thenews.com.pk/print/258455-research-launched-for-better-response-to-gender-based-violence-services,"December 20, 2017"
51,https://www.thenews.com.pk/print/507470-man-held-for-harassing-woman,"August 3, 2019"
52,https://www.thenews.com.pk/article-76032-Hindu-leader-Bal-Thackeray-cremated,"June 15, 2018"
53,https://www.thenews.com.pk/print/660195-domestic-and-gender-violence-amidst-covid-19,"May 18, 2020"
54,https://www.thenews.com.pk/print/78315-fbr-urged-to-stop-harrassing-businessmen,"November 28, 2015"
55,https://www.thenews.com.pk/print/719923-motorway-rape-incident-disgraced-pakistan-across-world,"September 25, 2020"
56,https://www.thenews.com.pk/print/737849-5-year-old-allegedly-assaulted-in-maharashtra,"November 2, 2020"
57,https://www.thenews.com.pk/print/193347-RIS-organises-Womens-Day,"March 20, 2017"
58,https://www.thenews.com.pk/print/711783-property-dispute-how-a-faisalabad-lawyer-kidnapped-killed-by-sukkur-police,"September 8, 2020"
59,https://www.thenews.com.pk/print/162562-Young-man-acquitted-of-forced-marriage-charge,"November 5, 2016"
60,https://www.thenews.com.pk/print/698975-violence-against-women-child-abuse-up-during-apr-jun,"August 11, 2020"
61,https://www.thenews.com.pk/print/360635-indus-waters-talks-indian-delegation-to-reach-today,"August 28, 2018"
62,https://www.thenews.com.pk/print/658769-12-year-old-disabled-girl-raped,"May 15, 2020"
63,https://www.thenews.com.pk/latest/673981-authorities-apprehend-tiger-force-member-for-allegedly-taking-money-from-shop-owners,"June 17, 2020"
64,https://www.thenews.com.pk/print/159760-PHC-acquits-seven-persons-named-in-forced-marriage-case,"October 25, 2016"
65,https://www.thenews.com.pk/print/669981-ulema-support-police-drive-to-end-honour-killings-in-kohistan,"June 9, 2020"
66,https://www.thenews.com.pk/print/627422-jhang-lcwu-campus-shifted-to-new-building,"March 11, 2020"
67,https://www.thenews.com.pk/latest/376588-two-women-among-three-killed-for-honor-in-swabi,"October 4, 2018"
68,https://www.thenews.com.pk/print/718511-asi-suspended-booked-for-raping-girl,"September 22, 2020"
69,https://www.thenews.com.pk/latest/396837-shahbaz-shairf-accuses-nab-of-blackmail,"November 22, 2018"
70,https://www.thenews.com.pk/latest/487336-pakistan-says-it-will-create-gender-based-violence-courts,"June 20, 2019"
71,https://www.thenews.com.pk/print/743010-man-who-illegally-married-minor-girl-arzoo-sent-to-jail,"November 13, 2020"
72,https://www.thenews.com.pk/print/610626-na-passes-resolution-for-public-hanging-of-child-abuse-convicts,"February 8, 2020"
73,https://www.thenews.com.pk/print/683468-trump-s-war,"July 8, 2020"
74,https://www.thenews.com.pk/print/751022-girl-killed-father-injured-in-road-accident,"November 29, 2020"
75,https://www.thenews.com.pk/print/752882-shc-orders-simplifying-sops-for-investigating-rape-assault-cases,"December 3, 2020"
76,https://www.thenews.com.pk/print/719246-sharp-increase-in-rape-cases-across-punjab-in-september,"September 24, 2020"
77,https://www.thenews.com.pk/print/652208-23-cases-of-child-abuse-registered-with-pindi-police,"May 1, 2020"
78,https://www.thenews.com.pk/print/731999-reception-for-police-officials-hosted,"October 20, 2020"
79,https://www.thenews.com.pk/print/723765-two-gang-rape-accused-remanded,"October 3, 2020"
80,https://www.thenews.com.pk/print/724963-karachi-top-cop-orders-action-against-criminal-police-officials,"October 5, 2020"
81,https://www.thenews.com.pk/latest/308156-armeena-khan-says-she-faced-sexual-harassment-at-lahores-anarkali,"April 23, 2018"
82,https://www.thenews.com.pk/print/722448-motorway-gang-rape-case-atc-extends-judicial-remand-of-accused,"September 30, 2020"
83,https://www.thenews.com.pk/archive/print/442604-musharraf%E2%80%99s-adviser-accuses-lawyer-of-blackmail,"July 14, 2013"
84,https://www.thenews.com.pk/print/723181-indian-low-caste-woman-dies-after-gang-rape,"October 2, 2020"
85,https://www.thenews.com.pk/print/714234-kp-police-stations-get-financial-autonomy,"September 13, 2020"
86,https://www.thenews.com.pk/print/748134-fir-lodged-three-days-after-baby-girl-s-abduction,"November 24, 2020"
87,https://www.thenews.com.pk/print/454738-man-held-for-blackmailing-extorting-money-from-traders,"April 7, 2019"
88,https://www.thenews.com.pk/print/688234-crime-of-honour,"July 18, 2020"
89,https://www.thenews.com.pk/print/714065-molestation-on-motorway-culprits-clues-confirmed-evading-arrest-for-now,"September 13, 2020"
90,https://www.thenews.com.pk/print/222842-Naked-honour,"August 11, 2017"
91,https://www.thenews.com.pk/print/714048-protesters-decry-motorway-rape-demand-sacking-of-lahore-ccpo,"September 13, 2020"
92,https://www.thenews.com.pk/latest/739407-fake-faith-healer-booked-for-allegedly-raping-woman-in-karachi,"November 5, 2020"
93,https://www.thenews.com.pk/latest/632400-ariana-grande-files-for-restraining-order-against-fan-allegedly-trespassing,"March 21, 2020"
94,https://www.thenews.com.pk/print/449494-two-girls-honour-killing,"March 27, 2019"
95,https://www.thenews.com.pk/latest/668435-blogger-cynthia-ritchie-levels-rape-allegation-against-senior-ppp-leader,"June 6, 2020"
96,https://www.thenews.com.pk/latest/749658-lodhran-man-allegedly-kills-grandson-in-cold-blood-to-punish-daughter,"November 27, 2020"
97,https://www.thenews.com.pk/print/710712-shc-again-seeks-comments-on-plea-to-abolish-virginity-tests-in-rape-cases,"September 6, 2020"
98,https://www.thenews.com.pk/print/732951-centre-sindh-face-off-on-police-islands,"October 22, 2020"
99,https://www.thenews.com.pk/print/137226-Honour-killings-to-beFasad-Fil-Ardh-invite-25-year-jail-term,"July 24, 2016"
100,https://www.thenews.com.pk/latest/448677-two-women-lose-their-lives-in-the-name-of-honour-in-toba-tek-singh,"March 25, 2019"
101,https://www.thenews.com.pk/latest/547542-kayla-mueller-is-victim-who-gave-name-to-anti-baghdadi-operation,"October 29, 2019"
102,https://www.thenews.com.pk/print/478047-question-of-honour,"May 30, 2019"
103,https://www.thenews.com.pk/latest/728851-main-suspect-in-lahore-motorway-gang-rape-case-sent-on-14-day-judicial-remand,"October 13, 2020"
104,https://www.thenews.com.pk/print/731758-rural-poverty-can-be-contained-by-launching-technical-courses-for-women,"October 20, 2020"
105,https://www.thenews.com.pk/print/574353-function-at-sbbwu-panel-wants-ways-found-to-end-gender-based-violence,"November 26, 2019"
106,https://www.thenews.com.pk/latest/458786-when-female-microentrepreneurs-win,"April 16, 2019"
107,https://www.thenews.com.pk/print/113332-three-die-in-sahiwal-windstorm,"April 17, 2016"
108,https://www.thenews.com.pk/print/145301-Lower-Dir-police-solve-womans-blind-murder-case,"August 26, 2016"
109,https://www.thenews.com.pk/print/714363-violence-against-women,"September 14, 2020"
110,https://www.thenews.com.pk/print/118540-Honour-killings-continue-due-to-lacunas-in-laws,"May 9, 2016"
111,https://www.thenews.com.pk/print/136901-Bail-plea-in-child-abuse-case-dismissed,"July 23, 2016"
112,https://www.thenews.com.pk/latest/737079-queen-elizabeth-her-sister-margaret-allegedly-spotted-ghost-in-windsor-castle,"October 31, 2020"
113,https://www.thenews.com.pk/archive/print/183546,"June 27, 2009"
114,https://www.thenews.com.pk/print/594901-pm-imran-khan-for-joint-efforts-to-tackle-drug-and-child-abuse,"January 7, 2020"
115,https://www.thenews.com.pk/print/539208-cjp-directs-high-courts-to-establish-gbv-courts-by-nov-4,"October 10, 2019"
116,https://www.thenews.com.pk/print/250542-cg-shelton-reiterates-us-support-for-activism-against-gender-based-violence,"November 30, 2017"
117,https://www.thenews.com.pk/print/661345-four-accused-held-in-waziristan-honour-killing-case,"May 20, 2020"
118,https://www.thenews.com.pk/latest/714737-suspect-in-motorway-gang-rape-case-confesses-to-crime-main-suspect-remains-at-large,"September 14, 2020"
119,https://www.thenews.com.pk/print/751963-court-seeks-police-comments-in-alleged-rape-case-against-babar-azam,"December 1, 2020"
120,https://www.thenews.com.pk/print/211914-Sindh-govt-slammed-for-backtracking-on-promise-to-protect-minorities,"June 21, 2017"
121,https://www.thenews.com.pk/print/213956-Man-shot-by-muggers,"July 3, 2017"
122,https://www.thenews.com.pk/print/725887-teenage-girl-who-stole-bikes-under-guise-of-boy-arrested,"October 7, 2020"
123,https://www.thenews.com.pk/latest/620131-boy-found-dead-inside-lions-cage-at-safari-park-lahore,"February 26, 2020"
124,https://www.thenews.com.pk/archive/print/433017-boy-rescued-from-%E2%80%98facebook-kidnappers%E2%80%99,"May 28, 2013"
125,https://www.thenews.com.pk/print/230885-10000-rape-cases-reportedin-three-and-a-half-years,"September 19, 2017"
126,https://www.thenews.com.pk/print/710322-open-door-policy-makes-police-social-media-accounts-popular,"September 5, 2020"
127,https://www.thenews.com.pk/print/708912-girl-commits-suicide,"September 2, 2020"
128,https://www.thenews.com.pk/print/698373-child-abuse-cases-soar-in-n-ireland,"August 10, 2020"
129,https://www.thenews.com.pk/latest/388785-shireen-mazari-takes-notice-of-doctor-sisters-getting-forced-to-marry-for-inheritance-land,"November 2, 2018"
130,https://www.thenews.com.pk/print/289698-cases-rife-of-violence-against-women,"March 8, 2018"
131,https://www.thenews.com.pk/print/712805-two-robbers-gang-rape-mother-of-two-on-motorway,"September 10, 2020"
132,https://www.thenews.com.pk/archive/print/459467-man-behind-bars-for-raping-woman-blackmail,"October 8, 2013"
133,https://www.thenews.com.pk/latest/714791-mahira-khan-other-actors-protest-motorway-gang-rape,"September 14, 2020"
134,https://www.thenews.com.pk/print/655996-4-suspects-in-honour-killing-case-arrested,"May 9, 2020"
135,https://www.thenews.com.pk/print/669590-eu-plans-to-step-up-fight-against-child-sex-abuse,"June 8, 2020"
136,https://www.thenews.com.pk/print/124940-Speakers-call-for-action-against-gender-based-violence,"June 3, 2016"
137,https://www.thenews.com.pk/print/671793-business-mafia-cannot-blackmail-govt-icci,"June 13, 2020"
138,https://www.thenews.com.pk/latest/378319-law-minister-seeks-proposals-to-protect-women-from-honor-crimes-violence,"October 8, 2018"
139,https://www.thenews.com.pk/print/167566-Changing-religion-before-attaining-age-of-18-years-banned,"November 25, 2016"
140,https://www.thenews.com.pk/latest/713336-child-sexual-abuse-cases-shot-up-in-first-half-of-2020-in-pakistan-report,"September 11, 2020"
141,https://www.thenews.com.pk/latest/335700-bilawal-dodges-harrassment/,"June 30, 2018"
142,https://www.thenews.com.pk/print/753045-mentally-challenged-girl-raped-in-gujranwala,"December 3, 2020"
143,https://www.thenews.com.pk/print/722300-balochistan-high-court-grants-clifton-gang-rape-suspects-bail,"September 30, 2020"
144,https://www.thenews.com.pk/print/721994-police-response-to-motorway-rape-senate-panel-slams-lahore-ccpo-for-conflicting-remarks,"September 29, 2020"
145,https://www.thenews.com.pk/print/647857-2-846-child-abuse-cases-reported-in-2019,"April 22, 2020"
146,https://www.thenews.com.pk/latest/197711-Sharmeen-Obaid-Chinoy-speaks-about-her-Award-winning-movie-Girl-in-the-River,"April 10, 2017"
147,https://www.thenews.com.pk/print/752908-clerk-arrested-for-allegedly-demanding-bribe,"December 3, 2020"
148,https://www.thenews.com.pk/latest/747442-woman-arrested-for-allegedly-setting-house-on-fire-while-filming-tiktok-video,"November 22, 2020"
149,https://www.thenews.com.pk/print/70533-%E2%80%98moods%E2%80%99-of-a-different-kind,"October 31, 2015"
150,https://www.thenews.com.pk/latest/358739-new-zealands-pedal-powered-politician-has-baby-boy,"August 23, 2018"
151,https://www.thenews.com.pk/print/718924-salient-features-of-draft-anti-rape-act-2020,"September 23, 2020"
152,https://www.thenews.com.pk/print/274781-pfa-ex-worker-held-for-blackmail,"January 30, 2018"
153,https://www.thenews.com.pk/print/730026-five-sentenced-to-death-in-bd,"October 16, 2020"
154,https://www.thenews.com.pk/print/607244-man-allegedly-commits-suicide,"February 1, 2020"
155,https://www.thenews.com.pk/latest/732241-shaniera-akram-speaks-up-against-sexual-abuse-in-pakistan,"October 20, 2020"
156,https://www.thenews.com.pk/print/216008-Honor-killing,"July 12, 2017"
157,https://www.thenews.com.pk/latest/720012-no-evidence-proving-clifton-gang-rape-victim-found-partially-conscious-police,"September 25, 2020"
158,https://www.thenews.com.pk/print/657533-17-year-old-boy-wounded-for-resisting-mugging-bid,"May 12, 2020"
159,https://www.thenews.com.pk/print/619943-boy-hit-to-death-by-bus,"February 26, 2020"
160,https://www.thenews.com.pk/print/275184-court-moved-for-strict-laws-in-child-abuse-cases,"January 31, 2018"
161,https://www.thenews.com.pk/print/168120-PurAzam-campaign-launched,"November 28, 2016"
162,https://www.thenews.com.pk/print/448412-3-19-million-pakistanis-victim-of-modern-slavery,"March 25, 2019"
163,https://www.thenews.com.pk/latest/753697-girl-like-me-shakira-takes-internet-by-storm-with-new-music-video,"December 5, 2020"
164,https://www.thenews.com.pk/print/643458-mohr-prepares-policy-paper-on-gender-impact-of-covid-19,"April 13, 2020"
165,https://www.thenews.com.pk/print/51401-1000-girls-forcibly-converted-to-islam-in-pakistan-every-year,"July 15, 2015"
166,https://www.thenews.com.pk/print/175859-No-let-up-in-gender-based-violence-in-Karachi-in-2016,"January 1, 2017"
167,https://www.thenews.com.pk/print/657429-call-to-combat-domestic-violence-during-covid-19-pandemic,"May 12, 2020"
168,https://www.thenews.com.pk/print/709819-police-welfare-centres-to-provide-relief-to-cops-ig,"September 4, 2020"
169,https://www.thenews.com.pk/print/456407-man-allegedly-kills-brother-over-monetary-dispute,"April 11, 2019"
170,https://www.thenews.com.pk/print/719130-powerless-in-karachi,"September 24, 2020"
171,https://www.thenews.com.pk/print/613978-child-protection,"February 15, 2020"
172,https://www.thenews.com.pk/print/199600-Discussion-highlights-need-to-understand-gravity-of-gender-based-violence,"April 20, 2017"
173,https://www.thenews.com.pk/latest/405828-gully-boy-to-be-premiered-at-berlin-international-film-festival,"December 14, 2018"
174,https://www.thenews.com.pk/print/671048-woman-axed-to-death-for-honour,"June 11, 2020"
175,https://www.thenews.com.pk/print/725607-india-police-book-hundreds-over-foreign-involvement-in-gang-rape-protests,"October 7, 2020"
176,https://www.thenews.com.pk/print/640239-man-kills-daughter-in-the-name-of-honour,"April 6, 2020"
177,https://www.thenews.com.pk/print/170265-Religious-parties-threaten-to-lay-siege-to-Sindh-Assembly,"December 7, 2016"
178,https://www.thenews.com.pk/print/494598-pti-on-the-move-to-save-itself-from-blackmailing-of-allies,"July 6, 2019"
179,https://www.thenews.com.pk/latest/743783-kashmore-case-pm-imran-khan-hails-police-hero,"November 14, 2020"
180,https://www.thenews.com.pk/latest/608956-faisalabad-woman-hacks-off-mans-genitals-for-allegedly-attempting-to-rape-her,"February 4, 2020"
181,https://www.thenews.com.pk/print/296366-family-wanted-for-baldia-honour-killing-arrested-in-islamabad,"March 25, 2018"
182,https://www.thenews.com.pk/latest/714286-draft-position-paper-on-police-reforms-issued-by-pakistans-ssdo-us-institute-for-peace,"September 13, 2020"
183,https://www.thenews.com.pk/latest/529471-1300-cases-of-child-sexual-abuse-reported-in-pakistan-study,"September 20, 2019"
184,https://www.thenews.com.pk/print/624431-boy-killed-by-friend,"March 6, 2020"
185,https://www.thenews.com.pk/print/733457-woman-killed-for-honour-by-husband-in-orangi-town,"October 23, 2020"
186,https://www.thenews.com.pk/print/539269-high-courts-to-establish-gbv-courts-by-nov-4,"October 10, 2019"
187,https://www.thenews.com.pk/latest/143148-Honour-killing-Husband-slits-wifes-throatutm_source=feedburner&utm_medium=feed&utm_campaign=Feed%3A+com%2FYEor+,"August 17, 2016"
188,https://www.thenews.com.pk/print/712752-teenage-girl-shot-dead-in-haripur,"September 10, 2020"
189,https://www.thenews.com.pk/print/91822-Child-abuse-gang-busted,"January 18, 2016"
190,https://www.thenews.com.pk/print/740375-18-year-old-indian-girl-breaks-world-record-for-longest-hair,"November 7, 2020"
191,https://www.thenews.com.pk/print/527294-boy-dies-five-injured-in-accident,"September 16, 2019"
192,https://www.thenews.com.pk/print/620385-missing-boy-killed-by-lions-in-safari-park,"February 27, 2020"
193,https://www.thenews.com.pk/latest/714717-authorities-continue-search-for-prime-suspect-in-motorway-rape-case,"September 14, 2020"
194,https://www.thenews.com.pk/print/401921-zero-tolerance-for-violence-against-women-minister,"December 5, 2018"
195,https://www.thenews.com.pk/print/755393-former-sen-paul-sarbanes-of-maryland-dies-at-87,"December 8, 2020"
196,https://www.thenews.com.pk/print/751207-rape-laws,"November 30, 2020"
197,https://www.thenews.com.pk/print/714109-liberia-declares-rape-a-national-emergency,"September 13, 2020"
198,https://www.thenews.com.pk/print/686760-macron-defends-promotion-of-minister-accused-of-rape,"July 15, 2020"
199,https://www.thenews.com.pk/print/715074-tragic-incident-of-gang-rape-senate-body-asks-30-questions-from-officials,"September 15, 2020"
200,https://www.thenews.com.pk/latest/123234-After-school-tutoring-is-like-child-abuse-researchers,"May 27, 2016"
201,https://www.thenews.com.pk/latest/715214-aurat-foundation-condemned-motorway-gang-rape-case,"September 15, 2020"
202,https://www.thenews.com.pk/print/743846-missing-boy-found-dead,"November 15, 2020"
203,https://www.thenews.com.pk/print/734925-girl-drowns-while-taking-selfie,"October 26, 2020"
204,https://www.thenews.com.pk/latest/5390-fake-degree-scam-axact-call-agents-used-to-intimidate-blackmail-clients-in-uae,"June 15, 2015"
205,https://www.thenews.com.pk/print/579149-women-and-tradition,"December 6, 2019"
206,https://www.thenews.com.pk/print/177182-Cases-of-violence-against-women-increase,"January 6, 2017"
207,https://www.thenews.com.pk/print/756235-orange-the-world,"December 10, 2020"
208,https://www.thenews.com.pk/print/277117-dgk-honour-killing-two-women-found-dead-in-dgk-jungle,"February 5, 2018"
209,https://www.thenews.com.pk/archive/print/158156-the-sorry-story-of-political-blackmail-of-a-72-year-old-lady,"January 28, 2009"
210,https://www.thenews.com.pk/print/640171-father-kills-daughter-in-the-name-of-honour,"April 6, 2020"
211,https://www.thenews.com.pk/print/682176-woman-dies-husband-injured-in-accident,"July 5, 2020"
212,https://www.thenews.com.pk/latest/433582-desperate-measures-pakistani-women-seek-abortions-as-birth-control,"February 18, 2019"
213,https://www.thenews.com.pk/latest/715215-police-detain-third-accomplice-of-two-main-suspects-in-motorway-gang-rape-case,"September 15, 2020"
214,https://www.thenews.com.pk/print/713693-motorway-rape-case-geo-fencing-of-villages-near-crime-spot-completed,"September 12, 2020"
215,https://www.thenews.com.pk/print/720285-girl-commits-suicide-after-threats-over-harassment-case,"September 26, 2020"
216,https://www.thenews.com.pk/print/746316-youth-allegedly-kills-friend-in-nowshera,"November 20, 2020"
217,https://www.thenews.com.pk/print/367820-father-in-law-four-others-held-for-woman-s-honour-killing,"September 13, 2018"
218,https://www.thenews.com.pk/print/753078-minor-girl-s-death-5-doctors-punished-for-negligence-after-11-years,"December 3, 2020"
219,https://www.thenews.com.pk/print/746757-ending-child-abuse-govt-s-top-priority-pm,"November 21, 2020"
220,https://www.thenews.com.pk/print/698050-boy-held-for-displaying-rifle-on-social-media,"August 9, 2020"
221,https://www.thenews.com.pk/print/156180-Confusing-punishment,"October 10, 2016"
222,https://www.thenews.com.pk/archive/print/253342-girl-13-saved-from-forced-marriage,"August 11, 2010"
223,https://www.thenews.com.pk/print/173924-US-commission-seeks-repeal-of-blasphemy-and-anti-Qadiani-laws,"December 23, 2016"
224,https://www.thenews.com.pk/print/726653-bill-against-forced-conversions-to-be-tabled-in-pa-again-says-murtaza-wahab,"October 9, 2020"
225,https://www.thenews.com.pk/print/416596-ombudsman-says-influential-people-involved-in-kasur-child-abuse,"January 9, 2019"
226,https://www.thenews.com.pk/latest/743337-sindh-eyes-highest-police-award-for-asi-who-arrested-kashmore-rape-suspect,"November 13, 2020"
227,https://www.thenews.com.pk/print/660269-killing-of-two-girls-for-honour-condemned,"May 18, 2020"
228,https://www.thenews.com.pk/print/248924-violence-against-women-flayed,"November 26, 2017"
229,https://www.thenews.com.pk/latest/690412-teenagers-murdered-in-kaghan-for-allegedly-wanting-to-marry-against-familys-wishes,"July 22, 2020"
230,https://www.thenews.com.pk/latest/714258-lahore-motorway-gang-rape-one-of-two-suspects-surrenders-other-still-at-large,"September 13, 2020"
231,https://www.thenews.com.pk/print/715479-chaudhry-shujaat-for-special-courts-to-hear-child-abuse-cases,"September 16, 2020"
232,https://www.thenews.com.pk/print/151458-Woman-gets-award-for-working-to-end-gender-based-violence,"September 21, 2016"
233,https://www.thenews.com.pk/print/379309-can-married-women-be-allowed-to-live-with-strangers-asks-shc,"October 11, 2018"
234,https://www.thenews.com.pk/print/714161-civil-society-seeks-arrest-of-gang-rape-accused,"September 13, 2020"
235,https://www.thenews.com.pk/print/239322-Review-honour-unmasked,"October 24, 2017"
236,https://www.thenews.com.pk/print/170004-Discussion-against-gender-based-violence,"December 6, 2016"
237,https://www.thenews.com.pk/print/732122-sensitization-session-at-kp-assembly-roadmap-for-responsive-child-protection-systems-discussed,"October 20, 2020"
238,https://www.thenews.com.pk/latest/744232-lahore-man-arrested-for-allegedly-raping-killing-minor-girl,"November 16, 2020"
239,https://www.thenews.com.pk/print/231737-Women-need-to-know-their-rights-to-eliminate-violence-Malala,"September 22, 2017"
240,https://www.thenews.com.pk/latest/713842-ayushmann-khurrana-teams-up-with-david-beckham-to-campaign-against-child-abuse,"September 12, 2020"
241,https://www.thenews.com.pk/print/740496-accused-held-in-rape-case,"November 8, 2020"
242,https://www.thenews.com.pk/print/734705-girl-drowns-while-taking-selfie,"October 26, 2020"
243,https://www.thenews.com.pk/print/637060-sindh-police-launch-citizen-monitoring-app-in-bid-to-keep-people-indoors,"March 31, 2020"
244,https://www.thenews.com.pk/print/497073-senate-body-chief-takes-notice-of-child-abuse-incident,"July 12, 2019"
245,https://www.thenews.com.pk/print/743215-bilawal-takes-strong-notice-of-rape-incident-in-kashmore,"November 13, 2020"
246,https://www.thenews.com.pk/print/707502-uae-envoy-pervaiz-discuss-bilateral-ties,"August 29, 2020"
247,https://www.thenews.com.pk/latest/293646-canada-deports-afghan-origin-woman-for-killing-daughters-in-honour-killing,"March 17, 2018"
248,https://www.thenews.com.pk/archive/print/244241-double-murder-case-of-ppp-sb-activists,"June 23, 2010"
249,https://www.thenews.com.pk/print/751814-school-student-allegedly-commits-suicide,"December 1, 2020"
250,https://www.thenews.com.pk/print/731647-fia-arrests-two-for-blackmailing-girls,"October 19, 2020"
251,https://www.thenews.com.pk/print/732446-court-orders-dna-report-charge-sheet-in-three-year-old-boy-s-rape-case,"October 21, 2020"
252,https://www.thenews.com.pk/print/711973-reduced-crowds-unlikely-to-lower-covid-spread-risk,"September 9, 2020"
253,https://www.thenews.com.pk/print/717752-dna-of-two-suspects-matched-in-marwah-rape-and-murder-case,"September 21, 2020"
254,https://www.thenews.com.pk/latest/756553-teenage-girl-allegedly-abducted-from-qayyumabad-in-karachi,"December 10, 2020"
255,https://www.thenews.com.pk/latest/377424-tax-driver-gunned-down-over-honor-in-karachi,"October 6, 2018"
256,https://www.thenews.com.pk/print/538644-bureaucracy-making-properties-not-doing-duty-shc,"October 9, 2019"
257,https://www.thenews.com.pk/print/365654-student-injured-in-ceiling-collapse,"September 8, 2018"
258,https://www.thenews.com.pk/print/693441-women-defectors-returned-to-dprk-face-sexual-abuse,"July 29, 2020"
259,https://www.thenews.com.pk/print/107871-NAB-gave-safe-exit-to-Musharraf-Hashmi,"March 25, 2016"
260,https://www.thenews.com.pk/archive/print/295906-young-artists-highlight-gender-based-violence,"April 15, 2011"
261,https://www.thenews.com.pk/print/745910-kashmore-rape-tragedy-accused-given-in-police-custody-for-seven-days,"November 19, 2020"
262,https://www.thenews.com.pk/latest/695380-hamza-ali-abbasi-welcomes-baby-boy-with-naimal-khawar,"August 3, 2020"
263,https://www.thenews.com.pk/print/131776-How-can-police-be-reformed,"June 30, 2016"
264,https://www.thenews.com.pk/print/750245-rape-cases,"November 28, 2020"
265,https://www.thenews.com.pk/print/625804-women-shall-have-similar-rights,"March 8, 2020"
266,https://www.thenews.com.pk/print/464780-landmark-legislation-aimed-at-ending-early-marriages-in-sindh-being-poorly-implemented,"April 30, 2019"
267,https://www.thenews.com.pk/print/422777-human-rights-day-marked,"January 24, 2019"
268,https://www.thenews.com.pk/print/221676-Court-orders-house-search-in-blackmail-case,"August 6, 2017"
269,https://www.thenews.com.pk/print/614313-understanding-dynamics-of-violence-against-women-key-to-end-it,"February 15, 2020"
270,https://www.thenews.com.pk/print/421133-3-345-killed-in-police-encounters-from-jan-2014-to-may-2018,"January 20, 2019"
271,https://www.thenews.com.pk/print/198028-Child-abuse-in-Pakistan-increases-by-10-percent-report,"April 12, 2017"
272,https://www.thenews.com.pk/print/736651-three-men-accused-of-abduction-forced-conversion-of-christian-girl-granted-bail,"October 30, 2020"
273,https://www.thenews.com.pk/archive/print/344147-delegation-from-ajk-campaigns-against-forced-marriages,"January 31, 2012"
274,https://www.thenews.com.pk/print/180395-Four-arrested-for-blackmailing-women+TheNewsInternational-Lahore+,"January 20, 2017"
275,https://www.thenews.com.pk/print/737338-plea-for-moving-christian-girl-to-shelter-home-dismissed,"November 1, 2020"
276,https://www.thenews.com.pk/print/721347-girl-reunited-with-family,"September 28, 2020"
277,https://www.thenews.com.pk/print/711179-four-cops-among-eight-gang-rape-minor-in-india,"September 7, 2020"
278,https://www.thenews.com.pk/print/739634-police-officer-dies-of-coronavirus,"November 6, 2020"
279,https://www.thenews.com.pk/latest/642364-coronavirus-lockdown-woman-sho-wounded-as-mob-attacks-police-outside-karachi-mosque,"April 10, 2020"
280,https://www.thenews.com.pk/print/743558-girl-shot-dead,"November 14, 2020"
281,https://www.thenews.com.pk/print/462765-kp-assembly-lauded-for-raising-marriage-age-to-18,"April 25, 2019"
282,https://www.thenews.com.pk/print/270174-axact-offered-fake-degree-to-bbc-reporter,"January 19, 2018"
283,https://www.thenews.com.pk/print/713643-aurat-foundation-condemns-gang-rape-on-motorway,"September 12, 2020"
284,https://www.thenews.com.pk/print/735351-sexual-abuse-of-human-body-bill-moved-in-senate-seeking-death-or-life-for-abuser,"October 27, 2020"
285,https://www.thenews.com.pk/latest/713808-police-arrests-22-year-old-for-allegedly-killing-sister-for-honour,"September 12, 2020"
286,https://www.thenews.com.pk/print/102272-Bilawal-for-passing-anti-honour-killing-laws,"March 2, 2016"
287,https://www.thenews.com.pk/print/305418-man-killed-for-choice-marriage-in-nawankot,"April 17, 2018"
288,https://www.thenews.com.pk/print/390296-two-doctor-girls-forced-marriage-stopped-mazari,"November 6, 2018"
289,https://www.thenews.com.pk/print/678617-house-passes-sweeping-police-overhaul-after-floyd-s-death,"June 27, 2020"
290,https://www.thenews.com.pk/print/652780-domestic-violence-during-covid-19,"May 2, 2020"
291,https://www.thenews.com.pk/print/158804-Forced-marriage-child-labour-undermining-girls-health,"October 21, 2016"
292,https://www.thenews.com.pk/archive/print/498811-cases-filed-against-forced-marriages,"April 25, 2014"
293,https://www.thenews.com.pk/print/444551-protest-call-by-lhws-is-blackmail-as-work-completed-for-their-promotion-punjab-minister,"March 16, 2019"
294,https://www.thenews.com.pk/print/727346-seven-more-held-in-murder-case-of-minor-girl-in-charsadda,"October 10, 2020"
295,https://www.thenews.com.pk/print/237816-PIMS-strike-allegedly-takes-a-life,"October 18, 2017"
296,https://www.thenews.com.pk/archive/print/4190-mumtaz-bhutto-accused-of-blackmail,"April 29, 2006"
297,https://www.thenews.com.pk/print/56024-laws-inadequate-to-punish-culprits-in-child-abuse-cases,"August 12, 2015"
298,https://www.thenews.com.pk/latest/358133-jennifer-garner-honored-with-hollywood-star,"August 21, 2018"
299,https://www.thenews.com.pk/print/743962-girl-child-needs-focused-parenthood-for-healthy-social-growth,"November 15, 2020"
300,https://www.thenews.com.pk/print/726361-police-asked-to-produce-abducted-girl,"October 8, 2020"
301,https://www.thenews.com.pk/archive/print/126897-family-refuses-underage-marriage-fears-death,"August 4, 2008"
302,https://www.thenews.com.pk/archive/print/268098-judicial-response-to-gender-based-violence,"November 4, 2010"
303,https://www.thenews.com.pk/latest/741804-6-year-old-boy-becomes-worlds-youngest-computer-programmer,"November 10, 2020"
304,https://www.thenews.com.pk/print/147273-Honour-killing,"September 3, 2016"
305,https://www.thenews.com.pk/latest/442673-un-mourns-after-21-staff-killed-in-ethiopia-plane-crash,"March 11, 2019"
306,https://www.thenews.com.pk/print/576335-killing-for-honour,"November 30, 2019"
307,https://www.thenews.com.pk/archive/print/437642-rocket-hits-ptc-godown-in-akora,"June 20, 2013"
308,https://www.thenews.com.pk/latest/366578-one-more-killed-over-honour-in-karachi,"September 10, 2018"
309,https://www.thenews.com.pk/latest/716641-south-punjab-witnesses-rise-in-blackmailing-harassment-of-women-over-past-two-months,"September 18, 2020"
310,https://www.thenews.com.pk/latest/213108-Syed-Salahuddin-Kashmiris-not-terrorist-Zafar,"June 27, 2017"
311,https://www.thenews.com.pk/print/731142-gang-rape-of-woman-during-dacoity,"October 18, 2020"
312,https://www.thenews.com.pk/print/730953-several-charged-for-mutilation-of-jordan-boy,"October 18, 2020"
313,https://www.thenews.com.pk/print/362321-2-322-child-abuse-cases-reported-in-six-months,"September 1, 2018"
314,https://www.thenews.com.pk/print/730043-journalist-escapes-as-court-rejects-bail-in-blackmail-trial,"October 16, 2020"
315,https://www.thenews.com.pk/print/736300-motorway-gang-rape-court-extends-physical-remand-of-accused-shafqat-ali,"October 29, 2020"
316,https://www.thenews.com.pk/print/441540-end-to-violence-against-women-demanded,"March 9, 2019"
317,https://www.thenews.com.pk/print/647975-2-846-child-abuse-cases-reported-in-2019,"April 22, 2020"
318,https://www.thenews.com.pk/print/704114-islamabad-police-conducts-flag-march,"August 22, 2020"
319,https://www.thenews.com.pk/print/87607-rural-drama-a-touch-of-blackmail,"July 9, 2010"
320,https://www.thenews.com.pk/print/682803-minor-girl-murdered-after-being-abducted,"July 6, 2020"
321,https://www.thenews.com.pk/print/248469-pa-turns-orange-for-drive-against-violence,"November 25, 2017"
322,https://www.thenews.com.pk/latest/413859-ranveer-alia-starrer-gully-boy-reveals-first-look,"January 2, 2019"
323,https://www.thenews.com.pk/print/686259-12-year-old-girl-reunited-with-parents,"July 14, 2020"
324,https://www.thenews.com.pk/print/723404-another-woman-gang-raped-in-nankana-village,"October 2, 2020"
325,https://www.thenews.com.pk/print/25853-eating-late-could-damage-your-brain,"February 24, 2015"
326,https://www.thenews.com.pk/print/101258-The-Hindu-marriage-bill,"February 27, 2016"
327,https://www.thenews.com.pk/latest/422610-man-arrested-for-luring-women-into-making-videos-blackmail-fia,"January 23, 2019"
328,https://www.thenews.com.pk/print/723351-woman-gang-raped-in-nankana-village,"October 2, 2020"
329,https://www.thenews.com.pk/print/518718-youth-held-for-allegedly-molesting-step-sister,"August 28, 2019"
330,https://www.thenews.com.pk/print/714660-child-abuse-cases-on-the-rise-in-punjab,"September 14, 2020"
331,https://www.thenews.com.pk/archive/print/267642-robbers-kill-marriage-hall-owner,"November 2, 2010"
332,https://www.thenews.com.pk/archive/print/478061-gdp-blackmail,"January 9, 2014"
333,https://www.thenews.com.pk/print/629450-teenage-girl-raped-on-promise-of-marriage-in-haripur,"March 15, 2020"
334,https://www.thenews.com.pk/print/686560-pti-women-empowerment-meeting-discusses-various-issues,"July 14, 2020"
335,https://www.thenews.com.pk/print/651131-four-including-newly-wedded-couple-killed,"April 29, 2020"
336,https://www.thenews.com.pk/print/419727-government-urged-to-pass-law-on-child-marriages,"January 16, 2019"
337,https://www.thenews.com.pk/latest/722466-nora-fatehi-breaks-silence-as-terence-lewis-gets-accused-of-sexually-harassing-her,"September 30, 2020"
338,https://www.thenews.com.pk/print/715650-motorway-gang-rape-incident-echoes-in-senate,"September 16, 2020"
339,https://www.thenews.com.pk/print/713242-senate-s-hr-body-takes-notice-of-woman-s-gang-rape-on-motorway,"September 11, 2020"
340,https://www.thenews.com.pk/print/643234-boy-from-isolated-amazon-tribe-dies-after-being-infected-with-coronavirus,"April 12, 2020"
341,https://www.thenews.com.pk/print/474655-gang-of-robbers-busted-in-mansehra,"May 22, 2019"
342,https://www.thenews.com.pk/print/275886-ncsw-expresses-concern-over-rising-number-of-gender-violence-cases,"February 2, 2018"
343,https://www.thenews.com.pk/print/547549-blackmailing-for-nro-won-t-work-pm-on-azadi-march,"October 29, 2019"
344,https://www.thenews.com.pk/print/136514-Amnesty-asks-Pakistan-to-stop-pardoning-those-behind-honour-killings,"July 21, 2016"
345,https://www.thenews.com.pk/print/432667-sana-s-honour-killing-case,"February 16, 2019"
346,https://www.thenews.com.pk/latest/348317-india-is-home-to-the-largest-number-of-slaves-globally,"July 30, 2018"
347,https://www.thenews.com.pk/latest/731250-divorced-woman-accuses-brothers-of-gang-rape-in-india,"October 18, 2020"
348,https://www.thenews.com.pk/print/673459-rs119-bn-for-punjab-police,"June 16, 2020"
349,https://www.thenews.com.pk/print/359469-cut-in-aid-amounts-to-cheap-blackmail,"August 26, 2018"
350,https://www.thenews.com.pk/print/428760-punjab-minister-for-eliminating-gender-based-domestic-violence,"February 7, 2019"
351,https://www.thenews.com.pk/latest/281907-bajwa-doctrine-working-well-against-american-blackmail,"February 16, 2018"
352,https://www.thenews.com.pk/print/723403-pakistani-cop-wins-best-police-officer-of-asia-award-by-un,"October 2, 2020"
353,https://www.thenews.com.pk/print/351790-pm-pays-rich-tribute-to-paf,"August 7, 2018"
354,https://www.thenews.com.pk/print/749372-helpline-16-days-of-activism-campaign-against-gbv-launched,"November 26, 2020"
355,https://www.thenews.com.pk/print/504637-research-centre-to-be-established-to-help-judges-cjp,"July 28, 2019"
356,https://www.thenews.com.pk/print/399515-women-in-conflict-areas-the-case-of-kashmir,"November 29, 2018"
357,https://www.thenews.com.pk/print/515964-man-allegedly-commits-suicide,"August 23, 2019"
358,https://www.thenews.com.pk/latest/366138-two-murdered-in-karachi,"September 9, 2018"
359,https://www.thenews.com.pk/print/740798-uae-relaxes-laws-on-alcohol-cohabitation,"November 8, 2020"
360,https://www.thenews.com.pk/print/664217-to-restrict-abortion-us-states-manipulating-pandemic-un-expert,"May 28, 2020"
361,https://www.thenews.com.pk/print/626956-governor-takes-notice-of-chinese-student-s-alleged-harassment,"March 10, 2020"
362,https://www.thenews.com.pk/print/696230-newborn-girl-survives-after-being-thrown-off-second-floor,"August 5, 2020"
363,https://www.thenews.com.pk/print/476058-not-to-bow-down-to-blackmailing-nab-chief,"May 25, 2019"
364,https://www.thenews.com.pk/print/718771-three-booked-for-gang-raping-teenage-boy-in-clifton,"September 23, 2020"
365,https://www.thenews.com.pk/print/548032-police-reforms,"October 30, 2019"
366,https://www.thenews.com.pk/print/738635-protecting-the-minority,"November 4, 2020"
367,https://www.thenews.com.pk/latest/710537-korangi-man-was-killed-over-blackmailing-girl,"September 5, 2020"
368,https://www.thenews.com.pk/print/705133-boy-dies-of-snake-bite-in-haripur,"August 24, 2020"
369,https://www.thenews.com.pk/print/588408-minor-boy-kidnapped-for-ransom-found-dead,"December 25, 2019"
370,https://www.thenews.com.pk/print/734276-act-now,"October 25, 2020"
371,https://www.thenews.com.pk/print/676182-girl-martyred-2-civilians-injured-in-indian-firing-at-loc,"June 22, 2020"
372,https://www.thenews.com.pk/print/733603-case-registered-against-150-people-for-attacking-police,"October 23, 2020"
373,https://www.thenews.com.pk/print/321045-nadeem-scores-century-to-help-tapal-cc-record-big-win,"May 25, 2018"
374,https://www.thenews.com.pk/latest/585225-hareem-shah-harassed-by-a-mob-of-fans-in-dubai,"December 18, 2019"
375,https://www.thenews.com.pk/print/713615-police-could-have-learnt-lesson-from-earlier-gang-rape-incident,"September 12, 2020"
376,https://www.thenews.com.pk/latest/692859-man-arrested-for-blackmailing-jannat-mirza,"July 27, 2020"
377,https://www.thenews.com.pk/print/721172-no-development,"September 28, 2020"
378,https://www.thenews.com.pk/print/431427-treating-child-abuse-as-taboo-painful-mazari,"February 13, 2019"
379,https://www.thenews.com.pk/print/660464-waziristan-honour-killings-barbaric-condemnable-hrcp,"May 18, 2020"
380,https://www.thenews.com.pk/print/610201-police-investigation-is-entry-point-in-criminal-justice-system,"February 7, 2020"
381,https://www.thenews.com.pk/print/174771-UK-asks-forced-marriage-victim-to-pay-for-repatriation-from-Pakistan,"December 27, 2016"
382,https://www.thenews.com.pk/archive/print/451517-wio-flays-chemical-weapon-attack-on-syrians,"August 29, 2013"
383,https://www.thenews.com.pk/print/670009-democrats-take-a-knee-in-us-congress-in-floyd-tribute,"June 9, 2020"
384,https://www.thenews.com.pk/print/745447-motorway-gang-rape-case-prime-suspect-sent-to-jail-on-14-day-judicial-remand,"November 18, 2020"
385,https://www.thenews.com.pk/print/311306-husband-allegedly-kills-female-cabbie,"May 1, 2018"
386,https://www.thenews.com.pk/print/719714-two-men-arrested-in-15-year-old-boy-s-rape-case,"September 25, 2020"
387,https://www.thenews.com.pk/print/712076-morocco-faces-senegal-and-dr-congo-in-october-friendly-matches,"September 9, 2020"
388,https://www.thenews.com.pk/print/719296-apc-cannot-blackmail-imran-khan-kp-cm-mahmood-khan,"September 24, 2020"
389,https://www.thenews.com.pk/print/461628-women-in-the-front,"April 23, 2019"
390,https://www.thenews.com.pk/print/735403-gcu-student-gang-raped-filmed,"October 27, 2020"
391,https://www.thenews.com.pk/latest/713367-punjab-law-minister-says-motorway-gang-rape-blind-incident-with-no-evidence,"September 11, 2020"
392,https://www.thenews.com.pk/print/595427-bzu-assistant-professor-sacked-for-harassing-girl,"January 8, 2020"
393,https://www.thenews.com.pk/print/534564-issues-of-honour,"October 1, 2019"
394,https://www.thenews.com.pk/print/652690-violence-in-a-pandemic,"May 2, 2020"
395,https://www.thenews.com.pk/print/727789-rapist-and-killer-of-minor-girl-arrested-in-charsadda,"October 11, 2020"
396,https://www.thenews.com.pk/print/730413-imported-vegetables,"October 17, 2020"
397,https://www.thenews.com.pk/print/71494-french-footballer-benzema-held-over-sex-tape-blackmail,"November 5, 2015"
398,https://www.thenews.com.pk/print/746150-scsw-shirkat-gah-present-policy-document-on-impact-of-covid-19-on-women,"November 20, 2020"
399,https://www.thenews.com.pk/print/453509-tackling-forced-conversions,"April 5, 2019"
400,https://www.thenews.com.pk/latest/756943-sharmeen-obaids-documentary-on-qandeel-baloch-gears-up-for-doc-nyc-release,"December 11, 2020"
401,https://www.thenews.com.pk/print/643483-covid-19-and-child-abuse,"April 13, 2020"
402,https://www.thenews.com.pk/print/669209-three-gang-rape-accused-held,"June 7, 2020"
403,https://www.thenews.com.pk/print/52658-two-us-presidents-among-many-celebrities-blackmailed,"July 24, 2015"
404,https://www.thenews.com.pk/print/579758-speakers-call-for-efforts-to-prevent-child-marriages,"December 7, 2019"
405,https://www.thenews.com.pk/print/650693-14-year-old-boy-found-tortured-to-death,"April 28, 2020"
406,https://www.thenews.com.pk/print/456098-court-allows-christian-girl-to-go-with-father,"April 11, 2019"
407,https://www.thenews.com.pk/latest/128886-Husband-murdered-Pakistan-honour-killing,"June 18, 2016"
408,https://www.thenews.com.pk/print/716031-all-that-glitters-is-not-gold-amnesty-international-s-alarming-report-about-rape-cases-in-ideal-nordic-countries,"September 17, 2020"
409,https://www.thenews.com.pk/latest/234748-Pakistani-activist-Gulalai-Ismail-wins-Anna-Plitkovskaya-Award,"October 5, 2017"
410,https://www.thenews.com.pk/print/186190-Over-3700-police-personnel-killed-in-450-suicide-attacks-since-2002,"February 14, 2017"
411,https://www.thenews.com.pk/print/698238-christian-girl-converted-to-islam-allowed-to-go-with-muslim-husband,"August 9, 2020"
412,https://www.thenews.com.pk/print/728641-boy-and-girl-found-mysteriously-dead,"October 13, 2020"
413,https://www.thenews.com.pk/print/696194-boy-13-kills-friend,"August 5, 2020"
414,https://www.thenews.com.pk/print/719516-gujranwala-girl-retracts-rape-allegations-against-cop-in-statement-to-court,"September 25, 2020"
415,https://www.thenews.com.pk/print/713765-rape-cases-on-the-rise,"September 12, 2020"
416,https://www.thenews.com.pk/print/226943-WHO-signs-accord-for-joint-UN-programme-for-women-girls-subject-to-violence,"August 30, 2017"
417,https://www.thenews.com.pk/print/194582-Honour-killing-claims-six-lives,"March 26, 2017"
418,https://www.thenews.com.pk/print/750738-australia-advocates-gender-sensitive-media-reporting,"November 29, 2020"
419,https://www.thenews.com.pk/print/379401-gender-based-violence,"October 11, 2018"
420,https://www.thenews.com.pk/print/718199-remember-the-motorway-rape,"September 22, 2020"
421,https://www.thenews.com.pk/print/403930-workshop-on-gender-based-violence,"December 10, 2018"
422,https://www.thenews.com.pk/print/274166-dr-sahar-ansari-found-guilty-of-sexually-harassing-fellow-ku-professor,"January 29, 2018"
423,https://www.thenews.com.pk/print/520419-stop-child-abuse-conference-meaningful-interactions-between-parents-kids-needed,"September 1, 2019"
424,https://www.thenews.com.pk/latest/518246-fact-check-top-nigerian-politician-attacked-in-germany-for-seeking-medical-care,"August 27, 2019"
425,https://www.thenews.com.pk/print/671265-teenage-girl-killed,"June 12, 2020"
426,https://www.thenews.com.pk/print/396719-sc-seeks-report-on-honour-killing-in-jhelum,"November 21, 2018"
427,https://www.thenews.com.pk/latest/581479-brittany-matthews-patrick-mahomes-girlfriend-accuses-patriots-fans-of-harassing-her,"December 10, 2019"
428,https://www.thenews.com.pk/print/679862-timely-intel-alert-and-police-preparedness-foiled-psx-attack,"June 30, 2020"
429,https://www.thenews.com.pk/print/736148-robber-killed-in-police-encounter,"October 29, 2020"
430,https://www.thenews.com.pk/print/711287-4-cops-among-8-gang-rape-minor-in-india,"September 7, 2020"
431,https://www.thenews.com.pk/print/622361-man-allegedly-involved-in-harassing-blackmailing-woman-arrested,"March 2, 2020"
432,https://www.thenews.com.pk/print/257454-detailed-judgment-phc-declares-forced-abortion-a-strong-ground-for-dissolution-of-marriage,"December 18, 2017"
433,https://www.thenews.com.pk/print/753067-five-men-gang-rape-woman-in-bhakkar-jungle,"December 3, 2020"
434,https://www.thenews.com.pk/print/53983-theatre-on-forced-marriages,"July 31, 2015"
435,https://www.thenews.com.pk/print/707899-uae-issues-decree-ending-boycott-of-israel,"August 30, 2020"
436,https://www.thenews.com.pk/print/214068-Honour-killings-remain-a-challenge-for-authorities,"July 3, 2017"
437,https://www.thenews.com.pk/print/655808-foreign-service-official-sacked-for-sexual-harassment,"May 8, 2020"
438,https://www.thenews.com.pk/print/752397-supreme-court-acquits-man-involved-in-rape-murder-of-widow,"December 2, 2020"
439,https://www.thenews.com.pk/print/473175-three-pindi-policemen-gang-rape-girl,"May 19, 2019"
440,https://www.thenews.com.pk/print/155702-Enforcing-anti-rape-honour-killing-laws-a-real-challenge,"October 8, 2016"
441,https://www.thenews.com.pk/print/643080-in-madagascar-tradition-trumps-women-s-rights-in-domestic-abuse,"April 12, 2020"
442,https://www.thenews.com.pk/latest/120179-German-politicians-say-Merkel-left-EU-exposed-to-Turkish-blackmail,"May 16, 2016"
443,https://www.thenews.com.pk/print/505952-me-country-ruler-s-wife-seeks-protection-from-british-court,"July 31, 2019"
444,https://www.thenews.com.pk/latest/721031-19-days-on-motorway-gang-rape-key-suspect-abid-ali-still-in-the-wind,"September 27, 2020"
445,https://www.thenews.com.pk/print/613482-high-court-orders-swift-dna-tests-in-rape-and-assault-cases,"February 14, 2020"
446,https://www.thenews.com.pk/print/713672-rumpus-in-kp-pa-over-motorway-gang-rape-incident,"September 12, 2020"
447,https://www.thenews.com.pk/archive/print/199530-cbs-worker-held-in-letterman-blackmail-plot,"October 3, 2009"
448,https://www.thenews.com.pk/print/361323-man-arrested-for-blackmailing-women-through-videos,"August 30, 2018"
449,https://www.thenews.com.pk/print/712725-robbers-kill-man-in-kasur,"September 10, 2020"
450,https://www.thenews.com.pk/print/165703-Anti-dowry-law-urged,"November 18, 2016"
451,https://www.thenews.com.pk/print/747265-tank-police-seize-7-tons-hashish-60kg-opium,"November 22, 2020"
452,https://www.thenews.com.pk/print/485720-inefficiency-and-corruption-blotch-police,"June 17, 2019"
453,https://www.thenews.com.pk/latest/377867,"October 7, 2018"
454,https://www.thenews.com.pk/print/204284-DNA-testing-vital-in-cases-of-gender-based-violence,"May 14, 2017"
455,https://www.thenews.com.pk/print/600300-women-rights-issue-echoes-in-senate,"January 18, 2020"
456,https://www.thenews.com.pk/print/361568-journalists-trained-in-gender-sensitive-reporting,"August 30, 2018"
457,https://www.thenews.com.pk/print/752903-violence-against-women-needs-to-be-responded-everywhere,"December 3, 2020"
458,https://www.thenews.com.pk/print/477304-lack-of-police-personnel-resources-lead-to-surge-in-crime,"May 28, 2019"
459,https://www.thenews.com.pk/print/495039-us-says-latest-taliban-talks-most-productive-so-far,"July 7, 2019"
460,https://www.thenews.com.pk/latest/697396-bilawal-slams-centre-for-quoting-hrw-on-kashmir-but-ignoring-on-national-issues,"August 7, 2020"
461,https://www.thenews.com.pk/latest/244229-Mufti-Qavi-released-on-bail-pledges-struggle-against-women-violence-honor-killing,"November 14, 2017"
462,https://www.thenews.com.pk/print/714237-a-few-most-publicised-rape-cases-in-pakistan,"September 13, 2020"
463,https://www.thenews.com.pk/print/155933-UN-hails-legislation-against-honour-killing-rape,"October 9, 2016"
464,https://www.thenews.com.pk/print/140704-Protecting-women-from-crimes-of-honour,"August 7, 2016"
465,https://www.thenews.com.pk/latest/722031-bollywood-celebrities-strongly-react-as-20-year-old-hathras-gang-rape-victim-passes-away,"September 29, 2020"
466,https://www.thenews.com.pk/latest/740868-islamabad-bank-harassment-faysal-bank-usman-gohar-manager-employee-caught-groping-woman-on-video-arrested,"November 8, 2020"
467,https://www.thenews.com.pk/print/574498-16-days-activism-against-gender-based-violence-kicks-off,"November 26, 2019"
468,https://www.thenews.com.pk/print/717425-kidnapping-case-lodged-four-days-after-minor-girl-goes-missing,"September 20, 2020"
469,https://www.thenews.com.pk/archive/print/545504-three-killed-in-honour-killing-incidents,"December 29, 2014"
470,https://www.thenews.com.pk/print/622227-man-arrested-for-raping-dead-women-in-okara,"March 1, 2020"
471,https://www.thenews.com.pk/latest/659101-inspirational-story-of-blind-pakistani-girl-whos-stormed-to-britains-got-talent,"May 15, 2020"
472,https://www.thenews.com.pk/print/592794-nz-sweat-on-williamson-nicholls-santner-as-bug-hits-team,"January 3, 2020"
473,https://www.thenews.com.pk/print/390594-14-injured-as-two-groups-exchange-fire,"November 7, 2018"
474,https://www.thenews.com.pk/print/193058-Missing-girl-student-has-joined-Daesh-claim-police,"March 18, 2017"
475,https://www.thenews.com.pk/latest/729822-fawad-khan-sadaf-khan-blessed-with-baby-girl,"October 15, 2020"
476,https://www.thenews.com.pk/print/733508-girl-dies-in-exchange-of-fire-between-police-robbers-in-lahore,"October 23, 2020"
477,https://www.thenews.com.pk/print/744861-resolution-against-child-abuse,"November 17, 2020"
478,https://www.thenews.com.pk/print/686830-boy-reunited-with-family,"July 15, 2020"
479,https://www.thenews.com.pk/print/300638-chinese-engineers-scuffle-with-police-in-kabirwala,"April 5, 2018"
480,https://www.thenews.com.pk/print/316780-7-495-appointed-irregularly-in-sindh-police,"May 15, 2018"
481,https://www.thenews.com.pk/print/537601-two-arrested-for-kidnapping-boy,"October 7, 2019"
482,https://www.thenews.com.pk/print/576279-several-officials-transferred-as-major-reshuffle-continues-in-sindh-police,"November 30, 2019"
483,https://www.thenews.com.pk/print/702893-rally-staged-to-demand-justice-to-slain-girl-family,"August 20, 2020"
484,https://www.thenews.com.pk/print/291417-inefficiency-corruption-smears-police-department,"March 12, 2018"
485,https://www.thenews.com.pk/print/337274-four-indian-priests-accused-of-rape-blackmail,"July 4, 2018"
486,https://www.thenews.com.pk/latest/174845-FO-orders-British-girl-forced-to-marry-in-Pakistan-to-pay-for-repatriation,"December 27, 2016"
487,https://www.thenews.com.pk/print/741086-30-new-vehicles-handed-over-to-rawalpindi-police-stations,"November 9, 2020"
488,https://www.thenews.com.pk/print/140447-Collaborative-strategy-to-end-gender-based-violence-stressed,"August 6, 2016"
489,https://www.thenews.com.pk/print/82759-Screening-may-cut-ovarian-cancer-deathsutm_source=feedburner&utm_medium=feed&utm_campaign=Feed%3A+World-TheNewsInternational+(World+News+-+The+News+International),"December 18, 2015"
490,https://www.thenews.com.pk/archive/print/486795-%E2%80%98708-early-forced-marriages-reported-last-year%E2%80%99,"February 22, 2014"
491,https://www.thenews.com.pk/print/736492-charter-of-demands-to-ensure-protection-of-women,"October 29, 2020"
492,https://www.thenews.com.pk/print/723911-girl-gang-raped-in-hotel,"October 3, 2020"
493,https://www.thenews.com.pk/print/726337-opp-s-blackmail-not-to-pressurise-govt-says-shibli,"October 8, 2020"
494,https://www.thenews.com.pk/print/271460-madrasa-teacher-beatsnine-year-old-boy-to-death,"January 22, 2018"
495,https://www.thenews.com.pk/latest/127716-South-Asia-Democracy-Watch-denounces-honour-killings-in-Pakistan,"June 14, 2016"
496,https://www.thenews.com.pk/print/712189-police-stations-in-kp-yet-to-get-financial-autonomy,"September 9, 2020"
497,https://www.thenews.com.pk/print/465072-bill-against-marriage-under-18-sails-through-senate,"April 30, 2019"
498,https://www.thenews.com.pk/print/631591-portal-to-combat-child-abuse-content,"March 20, 2020"
499,https://www.thenews.com.pk/print/155575-Punishment-despite-compromise-in-honour-killing-cases,"October 7, 2016"
500,https://www.thenews.com.pk/print/738665-women-protest-against-malawi-rape-impunity,"November 4, 2020"
501,https://www.thenews.com.pk/print/489419-increasing-incidents-of-child-abuse-in-capital,"June 25, 2019"
502,https://www.thenews.com.pk/latest/729285-motorway-rape-case-abid-malhi-reportedly-said-you-betrayed-me-to-father-after-arrest,"October 14, 2020"
503,https://www.thenews.com.pk/print/683583-trump-s-war,"July 8, 2020"
504,https://www.thenews.com.pk/print/663043-is-it-so-easy-to-blackmail-the-government,"May 24, 2020"
505,https://www.thenews.com.pk/print/17083-early-forced-marriages-increasing,"January 8, 2015"
506,https://www.thenews.com.pk/print/249162-trials-for-cm-talent-hunt-programme-end,"November 27, 2017"
507,https://www.thenews.com.pk/print/579599-call-for-inter-department-coordination-to-curb-gender-based-violence,"December 7, 2019"
508,https://www.thenews.com.pk/latest/295587-bollywood-actress-urmila-ends-10-years-hiatus-with-film-blackmail,"March 22, 2018"
509,https://www.thenews.com.pk/print/572601-only-asp-rank-officer-will-probe-child-abuse-cases-ihc,"November 22, 2019"
510,https://www.thenews.com.pk/print/290047-google-app-launched-to-help-women-survivors-of-gender-based-violence,"March 9, 2018"
511,https://www.thenews.com.pk/print/649370-cop-held-for-allegedly-raping-woman-in-jamshed-quarters,"April 25, 2020"
512,https://www.thenews.com.pk/print/715093-girl-gang-raped,"September 15, 2020"
513,https://www.thenews.com.pk/print/453136-3-832-cases-of-child-abuse-reported-last-year,"April 4, 2019"
514,https://www.thenews.com.pk/print/571955-ihc-cj-expresses-concern-over-increasing-child-abuse-cases,"November 21, 2019"
515,https://www.thenews.com.pk/latest/669245-the-oscars-allegedly-shunned-film-selma-over-black-lives-matter-protest,"June 7, 2020"
516,https://www.thenews.com.pk/print/756838-one-day-seminar-speakers-call-for-end-to-gender-based-violence,"December 11, 2020"
517,https://www.thenews.com.pk/print/710564-no-honour-in-murder,"September 6, 2020"
518,https://www.thenews.com.pk/print/582008-man-jailed-for-2001-honour-killing-in-luton,"December 12, 2019"
519,https://www.thenews.com.pk/print/519392-polyclinic-pims-to-have-separate-counters-for-child-abuse-victims,"August 30, 2019"
520,https://www.thenews.com.pk/print/137459-UK-MP-seeks-probe-into-honour-killing-of-British-national-in-Jhelum,"July 25, 2016"
521,https://www.thenews.com.pk/print/217788-SC-orders-arrest-of-absconding-honour-killing-accused,"July 21, 2017"
522,https://www.thenews.com.pk/print/740958-cop-martyred-robber-killed-during-police-encounter,"November 9, 2020"
523,https://www.thenews.com.pk/latest/114074-Russia-accuses-Syrian-opposition-of-using-blackmail-at-Geneva-talks%3A+com%2FYEor+,"April 20, 2016"
524,https://www.thenews.com.pk/print/579148-child-abuse-is-preventable,"December 6, 2019"
525,https://www.thenews.com.pk/print/752698-rule-of-law-as-blackmail,"December 3, 2020"
526,https://www.thenews.com.pk/print/550130-police-launch-campaign-to-curb-honour-killings-in-kohistan,"November 3, 2019"
527,https://www.thenews.com.pk/print/653587-boy-drowns-in-tarbela-lake,"May 3, 2020"
528,https://www.thenews.com.pk/latest/712384-lahore-men-allegedly-gang-rape-woman-at-motorway,"September 9, 2020"
529,https://www.thenews.com.pk/latest/203203-New-twist-in-Indian-girl-story-says-she-was-forced-to-marry-a-Pakistani-man,"May 8, 2017"
530,https://www.thenews.com.pk/print/37979-cjp-takes-notice-of-gang-rape-honour-killing-incidents,"April 30, 2015"
531,https://www.thenews.com.pk/print/682253-four-parliamentary-groups-formed-to-deliberate-over-police-reforms,"July 5, 2020"
532,https://www.thenews.com.pk/print/409938-police-arrest-suspect-in-upper-kohistan-honour-killing-case,"December 24, 2018"
533,https://www.thenews.com.pk/print/22747-the-distressing-plight-of-nepals-dalit-child-brides,"February 7, 2015"
534,https://www.thenews.com.pk/latest/170425-Cab-hailing-company-Careem-launches-women-drivers-Pakistan,"December 7, 2016"
535,https://www.thenews.com.pk/print/472289-ending-forced-conversions,"May 17, 2019"
536,https://www.thenews.com.pk/print/717423-police-constable-tanoli-s-martyrdom-may-be-a-sign-of-ttp-s-return,"September 20, 2020"
537,https://www.thenews.com.pk/latest/712364-indian-actress-kondapalli-sravani-allegedly-commits-suicide,"September 9, 2020"
538,https://www.thenews.com.pk/print/656143-boy-kidnapped-for-ransom-recovered,"May 9, 2020"
539,https://www.thenews.com.pk/print/506048-princess-haya-applies-for-uk-s-forced-marriage-protection-order,"July 31, 2019"
540,https://www.thenews.com.pk/print/656561-search-on-as-minor-boy-drowns-in-storm-water-drain,"May 10, 2020"
541,https://www.thenews.com.pk/latest/728900-lahore-motorway-gang-rape-suspect-abid-malhi-surrendered-himself-father,"October 14, 2020"
542,https://www.thenews.com.pk/latest/738031-15-faisalabad-men-who-allegedly-raped-sisters-are-still-not-behind-bars,"November 3, 2020"
543,https://www.thenews.com.pk/print/129498-Four-of-a-family-held-for-honour-killing,"June 21, 2016"
544,https://www.thenews.com.pk/archive/print/512432,"July 5, 2014"
545,https://www.thenews.com.pk/print/660958-cia-iqbal-town-police-nab-boy-killer,"May 19, 2020"
546,https://www.thenews.com.pk/print/613334-2-639-levies-khasadars-absorbed-into-kp-police,"February 13, 2020"
547,https://www.thenews.com.pk/print/442785-judicial-inquiry-sought-into-afzal-kohistani-s-murder,"March 12, 2019"
548,https://www.thenews.com.pk/print/658396-five-policemen-including-sho-and-sio-arrested-for-corruption,"May 14, 2020"
549,https://www.thenews.com.pk/print/481469-passengers-unhurt-as-wagon-catches-fire,"June 8, 2019"
550,https://www.thenews.com.pk/latest/689449-indias-firing-along-loc-leaves-boy-critically-wounded,"July 20, 2020"
551,https://www.thenews.com.pk/print/716493-motorway-gang-rape-victim-has-identified-both-accused-chohan,"September 18, 2020"
552,https://www.thenews.com.pk/print/104786-Tribute-to-A-Girl-In-The-River-The-Price-Of-Forgiveness,"March 13, 2016"
553,https://www.thenews.com.pk/print/378083-actress-takes-metoo-claims-to-police,"October 8, 2018"
554,https://www.thenews.com.pk/print/717086-khairpur-tamewali-rape-girl-laid-to-rest-after-postmortem,"September 19, 2020"
555,https://www.thenews.com.pk/print/112361-Nisar-must-stop-blackmail-open-casesagainst-me-says-Khursheed,"April 13, 2016"
556,https://www.thenews.com.pk/print/647336-shc-upholds-death-sentence-of-former-sessions-judge-another-man-in-honour-killing-case,"April 21, 2020"
557,https://www.thenews.com.pk/latest/751083-woman-says-pakistani-cricket-skipper-babar-azam-allegedly-sexually,"November 29, 2020"
558,https://www.thenews.com.pk/print/419424-child-marriage-and-the-law,"January 16, 2019"
559,https://www.thenews.com.pk/print/733608-widow-boy-assaulted,"October 23, 2020"
560,https://www.thenews.com.pk/print/743064-girl-commits-suicide,"November 13, 2020"
561,https://www.thenews.com.pk/print/709804-police-recover-minor-boy-within-few-hours-of-kidnapping,"September 4, 2020"
562,https://www.thenews.com.pk/latest/747077-female-activists-in-london-initiate-rape-free-india-campaign,"November 21, 2020"
563,https://www.thenews.com.pk/archive/print/517382-woman-arrested-for-killing-husband-two-family-members,"August 2, 2014"
564,https://www.thenews.com.pk/print/686399-man-held-for-allegedly-raping-five-year-old-girl,"July 14, 2020"
565,https://www.thenews.com.pk/latest/222288-Multan-couple-slain-at-wedding-in-honour-killing-police,"August 8, 2017"
566,https://www.thenews.com.pk/print/719927-11-year-old-girl-dies-in-mysterious-circumstances,"September 25, 2020"
567,https://www.thenews.com.pk/print/714661-na-to-take-up-call-attention-notice-on-motorway-gang-rape-today,"September 14, 2020"
568,https://www.thenews.com.pk/article-21252-41-killed-in-road-accident-in-northern-India,"February 1, 2018"
569,https://www.thenews.com.pk/print/27896-a-somber-farewell-to-senators,"March 7, 2015"
570,https://www.thenews.com.pk/latest/110054-Erdogan-says-Obama-spoke-behind-my-back-on-press-freedom,"April 3, 2016"
571,https://www.thenews.com.pk/print/708949-girl-commits-suicide-over-domestic-issue,"September 2, 2020"
572,https://www.thenews.com.pk/print/754564-italian-police-break-up-human-trafficking-ring-arrest-19,"December 6, 2020"
573,https://www.thenews.com.pk/print/217254-Honour-killing-claims-two-lives,"July 18, 2017"
574,https://www.thenews.com.pk/print/271400-child-abuse-talk-still-a-taboo-in-pakistan,"January 22, 2018"
575,https://www.thenews.com.pk/archive/print/506198-honour-killing-protested,"June 3, 2014"
576,https://www.thenews.com.pk/latest/368977-gilani-facing-bleak-future-many-threats-and-challenges,"September 15, 2018"
577,https://www.thenews.com.pk/print/199631-Pakistans-study-on-gender-based-violence-wins-WB-funding,"April 20, 2017"
578,https://www.thenews.com.pk/print/720814-two-remanded-in-marwah-rape-murder-case,"September 27, 2020"
579,https://www.thenews.com.pk/print/505726-forced-marriage-conversion-un-islamic-imran,"July 30, 2019"
580,https://www.thenews.com.pk/archive/print/517090-woman-ends-life-to-avoid-forced-marriage,"August 1, 2014"
581,https://www.thenews.com.pk/print/714186-startling-rape-statistics-in-india-and-worldwide,"September 13, 2020"
582,https://www.thenews.com.pk/latest/619668-metoo-movement-front-and-centre-at-berlin-film-fest,"February 26, 2020"
583,https://www.thenews.com.pk/print/650889-boy-dies-due-to-negligence-of-rhc-faiz-gunj-doctors,"April 28, 2020"
584,https://www.thenews.com.pk/Todays-News-13-411-Yasir-Hameed-accuses-NOTW-of-blackmail,"September 6, 2010"
585,https://www.thenews.com.pk/print/737240-under-age-marriage,"November 1, 2020"
586,https://www.thenews.com.pk/print/604898-usman-buzdar-is-there-to-stay-no-one-can-blackmail-me-says-pm-imran,"January 27, 2020"
587,https://www.thenews.com.pk/print/262669-private-medical-colleges-blackmail-students-parents-sc-told,"December 31, 2017"
588,https://www.thenews.com.pk/print/743243-man-who-married-minor-girl-arzoo-sent-to-jail,"November 13, 2020"
589,https://www.thenews.com.pk/latest/734092-zachery-ty-bryan-charged-over-allegedly-assaulting-girlfriend,"October 24, 2020"
590,https://www.thenews.com.pk/print/678021-forced-marriages-crimes-behind-alarming-rise-of-suicides-in-mirpurkhas,"June 26, 2020"
591,https://www.thenews.com.pk/print/168154-Law-on-conversion,"November 28, 2016"
592,https://www.thenews.com.pk/print/736876-influential-triple-murder-accused-slips-away-before-police-raid,"October 30, 2020"
593,https://www.thenews.com.pk/print/542307-surveillance-cameras-at-balochistan-varsity-hrcp-concerned-at-students-harassment-blackmail,"October 17, 2019"
594,https://www.thenews.com.pk/latest/723433-scott-disick-dating-a-new-girl-after-split-from-sofia-richie,"October 2, 2020"
595,https://www.thenews.com.pk/print/400735-event-to-highlight-violence-against-women,"December 2, 2018"
596,https://www.thenews.com.pk/print/614169-boy-arrested-freed-after-bribe,"February 15, 2020"
597,https://www.thenews.com.pk/print/476775-government-urged-to-establish-special-police-unit-to-tackle-child-abuse-cases,"May 27, 2019"
598,https://www.thenews.com.pk/print/611112-robbers-kill-16-year-old-boy-on-resistance,"February 9, 2020"
599,https://www.thenews.com.pk/print/466568-moot-asks-women-councillors-to-help-combat-gender-based-violence,"May 4, 2019"
600,https://www.thenews.com.pk/latest/701855-facebook-faces-turbulence-after-allegedly-failing-to-take-action-against-hate-speech-in-india,"August 17, 2020"
601,https://www.thenews.com.pk/latest/167371-Honour-killing-Father-guns-down-daughter-a-boy+com%2FYEor+,"November 24, 2016"
602,https://www.thenews.com.pk/print/400522-social-welfare-dept-takes-control-of-helpline-for-gbv-victims,"December 1, 2018"
603,https://www.thenews.com.pk/print/736759-16-killed-in-senegal,"October 30, 2020"
604,https://www.thenews.com.pk/print/730038-woman-remanded-in-custody-for-blackmailing-ex-boyfriend,"October 16, 2020"
605,https://www.thenews.com.pk/print/167478-Couple-murdered-in-name-of-honour,"November 25, 2016"
606,https://www.thenews.com.pk/print/239223-aman-ki-asha,"October 24, 2017"
607,https://www.thenews.com.pk/print/718925-another-gang-rape-in-karachi,"September 23, 2020"
608,https://www.thenews.com.pk/print/475871-countering-child-abuse,"May 25, 2019"
609,https://www.thenews.com.pk/print/277317-jang-economic-session,"February 5, 2018"
610,https://www.thenews.com.pk/print/670109-mourners-gather-to-honour-george-floyd-push-to-reform-us-police-intensifies,"June 9, 2020"
611,https://www.thenews.com.pk/print/315144-murder-suicide-turns-out-to-be-honour-killing,"May 11, 2018"
612,https://www.thenews.com.pk/print/736495-motorway-gang-rape,"October 29, 2020"
613,https://www.thenews.com.pk/latest/728880-woman-gang-raped-thrown-into-canal-with-5-year-old-child-in-india,"October 13, 2020"
614,https://www.thenews.com.pk/print/602493-cm-mahmood-khan-vows-tough-legislationto-curb-child-abuse-cases,"January 22, 2020"
615,https://www.thenews.com.pk/print/643239-missing-boy-found-dead,"April 12, 2020"
616,https://www.thenews.com.pk/print/744136-four-year-old-gang-rape-victim-admitted-to-nich-karachi,"November 15, 2020"
617,https://www.thenews.com.pk/print/581288-meesha-testifies-ali-zafar-harassed-her,"December 10, 2019"
618,https://www.thenews.com.pk/latest/723539-nehal-hashmi-booked,"October 3, 2020"
619,https://www.thenews.com.pk/print/741931-un-hails-new-therapy-to-prevent-hiv-in-women,"November 11, 2020"
620,https://www.thenews.com.pk/print/661278-4-accused-arrested-in-waziristan-honour-killing-case,"May 20, 2020"
621,https://www.thenews.com.pk/print/214884-Honour-killing-accused-arrested-in-Faisalabad,"July 7, 2017"
622,https://www.thenews.com.pk/latest/299715-amitabh-bachchan-is-all-praises-for-irrfan-khan-starrer-blackmail,"April 3, 2018"
623,https://www.thenews.com.pk/archive/print/489782-woman-remanded-in-murder-case-of-her-two-children,"March 9, 2014"
624,https://www.thenews.com.pk/print/743136-only-0-3pc-rape-suspects-convicted-in-past-six-years,"November 13, 2020"
625,https://www.thenews.com.pk/latest/733218-7-year-old-boy-allegedly-rapes-girl-in-india,"October 22, 2020"
626,https://www.thenews.com.pk/latest/387440-shoaib-malik-sania-mirza-welcome-baby-boy,"October 30, 2018"
627,https://www.thenews.com.pk/print/690387-nz-mp-quits-after-allegedly-sending-sexually-explicit-image,"July 22, 2020"
628,https://www.thenews.com.pk/print/318977-blackmailing-young-girls-police-arrest-gang-leader-in-nowshera,"May 20, 2018"
629,https://www.thenews.com.pk/latest/592412-nora-fatehi-harassed-by-fans-outside-church-in-viral-video-watch,"January 2, 2020"
630,https://www.thenews.com.pk/latest/743339-kashmore-police-claim-main-suspect-in-gang-rape-case-killed-by-accomplice,"November 13, 2020"
631,https://www.thenews.com.pk/archive/print/268641-judgment-reserved-in-honour-killing-case,"November 7, 2010"
632,https://www.thenews.com.pk/latest/719989-ayesha-omar-candidly-recalls-past-instances-of-harassment-and-assault,"September 25, 2020"
633,https://www.thenews.com.pk/print/715032-cabinet-condemns-motorway-rape-incident,"September 15, 2020"
634,https://www.thenews.com.pk/print/270621-issues-of-child-abuse-govt-urged-to-make-national-commission-on-rights-of-children-functional,"January 20, 2018"
635,https://www.thenews.com.pk/print/502672-convention-190,"July 24, 2019"
636,https://www.thenews.com.pk/latest/478397-11-year-old-iranian-girl-beats-einstein-and-stephen-hawking-in-mensa-iq-tests,"May 30, 2019"
637,https://www.thenews.com.pk/latest/195270-Pakistans-first-Violence-Against-Women-Center-inaugurated-in-Multan,"March 29, 2017"
638,https://www.thenews.com.pk/print/704571-rickshaw-driver-held-for-bid-to-kidnap-girl,"August 23, 2020"
639,https://www.thenews.com.pk/print/716062-vc-salu-allegedly-forced-director-finance-to-clear-vendors-bills,"September 17, 2020"
640,https://www.thenews.com.pk/print/164496-Understanding-the-anti-rape-law,"November 13, 2016"
641,https://www.thenews.com.pk/print/748868-anti-violence-pledge-campaign-launched,"November 25, 2020"
642,https://www.thenews.com.pk/print/159968-IHC-seeks-reply-over-issue-of-eunuchs-right-to-vote,"October 26, 2016"
643,https://www.thenews.com.pk/print/318592-pcsw-rescues-19-year-old-girl-from-illegal-confinement,"May 19, 2018"
644,https://www.thenews.com.pk/print/270356-developed-countries-also-have-a-shameful-record-of-child-abuse,"January 19, 2018"
645,https://www.thenews.com.pk/print/749570-indian-state-outlaws-religious-conversion-by-marriage,"November 26, 2020"
646,https://www.thenews.com.pk/latest/732220-ig-sindh-mushtaq-mahar-senior-sindh-police-officers-seek-leave-after-being-humiliated-in-capt-safdar-arrest,"October 20, 2020"
647,https://www.thenews.com.pk/print/713116-three-suspected-criminals-shot-dead-in-encounters-with-police,"September 11, 2020"
648,https://www.thenews.com.pk/archive/print/618227,"November 22, 2011"
649,https://www.thenews.com.pk/print/527782-youth-held-for-blackmailing-boy,"September 17, 2019"
650,https://www.thenews.com.pk/print/624381-assad-says-erdogan-blackmailing-europe-with-refugees,"March 6, 2020"
651,https://www.thenews.com.pk/print/688371-amber-heard-faked-injuries-for-blackmail,"July 18, 2020"
652,https://www.thenews.com.pk/latest/336454-patari-members-resign-after-alleged-harasser-continues-as-ceo,"July 2, 2018"
653,https://www.thenews.com.pk/print/198866-Child-abuse,"April 16, 2017"
654,https://www.thenews.com.pk/print/755040-sending-sexually-explicit-videos-man-held-for-using-pubg-8-ball-pool-to-blackmail-kids,"December 7, 2020"
655,https://www.thenews.com.pk/print/494192-pakistan-hindu-council-protests-against-forced-conversions-of-hindu-girls,"July 6, 2019"
656,https://www.thenews.com.pk/print/318729-police-rescue-italian-girl-of-pak-origin-from-hospital,"May 19, 2018"
657,https://www.thenews.com.pk/print/666067-man-arrested-for-child-abuse,"June 1, 2020"
658,https://www.thenews.com.pk/print/681635-man-arrested-for-blackmailing-kids-through-pictures-videos,"July 4, 2020"
659,https://www.thenews.com.pk/print/577227-teenaged-girl-stoned-to-death-in-dadu,"December 2, 2019"
660,https://www.thenews.com.pk/print/101537-The-dishonour-of-compromise,"February 28, 2016"
661,https://www.thenews.com.pk/print/674953-pre-existing-vulnerabilities-reinforce-gender-based-violence-during-pandemics,"June 20, 2020"
662,https://www.thenews.com.pk/print/228060-Fathers-murderous-guilt-over-honour-killing-revealed-by-body-language,"September 6, 2017"
663,https://www.thenews.com.pk/print/538663-three-held-for-assaulting-boy,"October 9, 2019"
664,https://www.thenews.com.pk/print/728504-the-girl-child,"October 13, 2020"
665,https://www.thenews.com.pk/print/707112-optimism-as-pakistan-s-virus-deaths-drop-to-single-digits,"August 29, 2020"
666,https://www.thenews.com.pk/latest/659623-fia-arrest-karachi-police-officer-on-suspicion-of-working-for-raw,"May 16, 2020"
667,https://www.thenews.com.pk/print/751560-minor-girl-dies-of-hiv-aids-in-larkana,"November 30, 2020"
668,https://www.thenews.com.pk/print/54221-seven-men-charged-in-shikarpur-honour-killing-case-sc-told,"August 2, 2015"
669,https://www.thenews.com.pk/print/15180-death-sentence-in-honour-killing-case,"October 14, 2015"
670,https://www.thenews.com.pk/print/571815-dishonourable,"November 21, 2019"
671,https://www.thenews.com.pk/print/698946-woman-dies-after-suffering-electric-shocks-minor-boy-drowns,"August 11, 2020"
672,https://www.thenews.com.pk/print/522636-two-held-by-fia-for-blackmailing-extorting-money-from-woman,"September 6, 2019"
673,https://www.thenews.com.pk/print/727088-kidnapping-case-lodged-as-teenage-girl-goes-missing-in-malir,"October 10, 2020"
674,https://www.thenews.com.pk/print/749761-violence-unabated,"November 27, 2020"
675,https://www.thenews.com.pk/latest/722994-six-men-gang-rape-woman-in-punjab,"October 1, 2020"
676,https://www.thenews.com.pk/print/501144-1-430-policemen-martyred-in-kp-since-2000,"July 20, 2019"
677,https://www.thenews.com.pk/latest/739456-lahore-actress-murdered-by-son-for-honour-police,"November 5, 2020"
678,https://www.thenews.com.pk/print/740835-punjab-police-to-perform-duty-in-gb-polls,"November 8, 2020"
679,https://www.thenews.com.pk/print/495122-girl-falls-prey-to-honour-killing-in-swabi,"July 7, 2019"
680,https://www.thenews.com.pk/print/701665-five-year-old-girl-slain-after-sexual-assault,"August 17, 2020"
681,https://www.thenews.com.pk/latest/681990-fia-arrests-four-suspects-allegedly-involved-in-child-pornography,"July 4, 2020"
682,https://www.thenews.com.pk/latest/127550-Sunni-Ittehad-Council-declares-honour-killing-against-Islam-Pakistan,"June 13, 2016"
683,https://www.thenews.com.pk/print/325236-honour-killing-claims-two-lives-in-sindh,"June 4, 2018"
684,https://www.thenews.com.pk/print/543511-50-women-28-men-killed-for-honour-in-sindh-this-year,"October 20, 2019"
685,https://www.thenews.com.pk/latest/728367-prime-suspect-in-lahore-motorway-gang-rape-case-abid-ali-arrested,"October 12, 2020"
686,https://www.thenews.com.pk/print/170985-Event-on-womens-empowerment-child-abuse,"December 10, 2016"
687,https://www.thenews.com.pk/print/686557-girl-impersonating-as-boy-marries-to-another-girl,"July 14, 2020"
688,https://www.thenews.com.pk/latest/240965-Men-still-killing-women-for-honour-in-Pakistan-despite-new-law,"October 31, 2017"
689,https://www.thenews.com.pk/print/573439-foreign-funding-case-lodged-to-blackmail-pti-says-chohan,"November 24, 2019"
690,https://www.thenews.com.pk/print/674504-what-hampered-implementation-of-police-order-2002,"June 19, 2020"
691,https://www.thenews.com.pk/print/732620-corona-cases-fail-to-move-opf-girl-college-management,"October 21, 2020"
692,https://www.thenews.com.pk/print/333898-two-shot-dead,"June 26, 2018"
693,https://www.thenews.com.pk/print/587465-scholarships-for-students-in-mohmand-sought,"December 23, 2019"
694,https://www.thenews.com.pk/archive/print/246734-implementation-of-anti-sexual-harassment-law,"July 6, 2010"
695,https://www.thenews.com.pk/print/81063-Seminar-calls-for-end-to-gender-based-violence,"December 11, 2015"
696,https://www.thenews.com.pk/print/714207-honour-killing-man-kills-sister-for-marrying-sixth-time,"September 13, 2020"
697,https://www.thenews.com.pk/print/537677-couple-killed-for-honour-in-peshawar,"October 7, 2019"
698,https://www.thenews.com.pk/archive/print/4988-dr-zulfi-completes-wushu-officials-course,"May 5, 2006"
699,https://www.thenews.com.pk/print/729150-motorway-gang-rape-abid-sent-on-14-day-judicial-remand,"October 14, 2020"
700,https://www.thenews.com.pk/print/482311-honour-killing-takes-woman-s-life,"June 10, 2019"
701,https://www.thenews.com.pk/print/120583-KP-Police-suggest-chapters-on-honour-killing-in-textbooks,"May 17, 2016"
702,https://www.thenews.com.pk/archive/print/259816-sho-issued-contempt-notice-for-harrassing-couple,"September 19, 2010"
703,https://www.thenews.com.pk/print/320841-mother-jailed-for-tricking-daughter-to-marry-older-man,"May 24, 2018"
704,https://www.thenews.com.pk/print/403045-thousands-of-myanmar-women-forced-into-marriage-in-china,"December 8, 2018"
705,https://www.thenews.com.pk/print/350668-china-says-won-t-accept-us-trade-blackmail,"August 5, 2018"
706,https://www.thenews.com.pk/latest/631992-fia-books-man-in-karachi-for-allegedly-acquiring-blackmailing-minors,"March 20, 2020"
707,https://www.thenews.com.pk/print/506720-man-killed-over-property-dispute,"August 1, 2019"
708,https://www.thenews.com.pk/print/690042-boy-girl-killed-in-kaghan-valley,"July 22, 2020"
709,https://www.thenews.com.pk/print/404174-women-workers-demand-same-wages-end-to-harassment,"December 10, 2018"
710,https://www.thenews.com.pk/print/726658-six-teenagers-detained-after-harassment-incident-at-ku,"October 9, 2020"
711,https://www.thenews.com.pk/print/428906-honour-killing-ramsha-s-murderer-surrenders,"February 7, 2019"
712,https://www.thenews.com.pk/print/703584-dr-maha-laid-to-rest-as-police-yet-to-solve-mystery-behind-her-death,"August 21, 2020"
713,https://www.thenews.com.pk/print/715541-na-divided-over-public-hanging-of-rape-convicts,"September 16, 2020"
714,https://www.thenews.com.pk/print/728250-fir-for-allegedly-waging-war-against-pakistan-four-penal-sections-removed-for-being-redundant,"October 12, 2020"
715,https://www.thenews.com.pk/latest/716698-multiple-men-gang-rape-woman-in-sheikhupura-after-holding-husband-hostage,"September 18, 2020"
716,https://www.thenews.com.pk/latest/754665-fia-arrest-man-jamshoro-blackmailed-children-into-sending-sexually-explicit-videos-online-games,"December 6, 2020"
717,https://www.thenews.com.pk/archive/print/477957-bds-result,"January 9, 2014"
718,https://www.thenews.com.pk/print/535594-dengue-drive-in-lahore-in-full-swing,"October 3, 2019"
719,https://www.thenews.com.pk/print/654737-afghan-soldier-fatally-stabs-sister-in-honour-killing,"May 6, 2020"
720,https://www.thenews.com.pk/print/530311-former-mpa-says-modi-has-undone-what-nehru-promised-to-kashmiris,"September 22, 2019"
721,https://www.thenews.com.pk/print/662426-this-is-how-police-solved-boy-s-murder-mystery-in-48-hours,"May 23, 2020"
722,https://www.thenews.com.pk/latest/616520-fbr-sends-notice-to-24-bridal-dress-designers-for-allegedly-being-involved-in-massive-tax-evasion,"February 19, 2020"
723,https://www.thenews.com.pk/latest/446934-kashmala-tariq-clarifies-on-good-morning-harassment-controversy,"March 21, 2019"
724,https://www.thenews.com.pk/archive/print/395882,"November 14, 2012"
725,https://www.thenews.com.pk/print/439329-a-woman-who-speaks-up-for-herself-should-be-appreciated,"March 4, 2019"
726,https://www.thenews.com.pk/print/736654-new-policy-unveiled-under-sindh-police-welfare-fund,"October 30, 2020"
727,https://www.thenews.com.pk/latest/115744-Sharif-brothers-blackmailing-political-opponents-alleges-Imran,"April 27, 2016"
728,https://www.thenews.com.pk/print/601492-140-child-domestic-workers-tortured-raped-or-murdered-in-a-decade,"January 20, 2020"
729,https://www.thenews.com.pk/print/151612-action-against-armament-influx-has-started-says-moin,"September 22, 2016"
730,https://www.thenews.com.pk/latest/677629-man-murders-mother-sister-in-honour-killing-in-sargodha,"June 25, 2020"
731,https://www.thenews.com.pk/print/753954-girl-s-murder-case-in-badaber-police-officials-say-main-accused-identified,"December 5, 2020"
732,https://www.thenews.com.pk/print/715503-girl-dies-after-falling-in-school-in-karachi,"September 16, 2020"
733,https://www.thenews.com.pk/print/539400-fia-arrests-man-for-abusing-blackmailing-woman-for-four-years,"October 11, 2019"
734,https://www.thenews.com.pk/latest/743328-about-11-rape-cases-reported-in-pakistan-every-day-official-statistics-reveal,"November 13, 2020"
735,https://www.thenews.com.pk/print/756455-seminar-speakers-want-steps-to-end-gender-based-violence,"December 10, 2020"
736,https://www.thenews.com.pk/print/140220-Honour-killing-a-legal-perspective,"August 5, 2016"
737,https://www.thenews.com.pk/print/609174-karachi-police-revamping-emergency-response-mechanism,"February 5, 2020"
738,https://www.thenews.com.pk/print/718605-public-hanging-of-accused-sought-in-rape-case-of-minor-girl,"September 23, 2020"
739,https://www.thenews.com.pk/print/719864-motorway-rape-incident-disgraced-pakistan-across-world,"September 25, 2020"
740,https://www.thenews.com.pk/print/91005-campaign-against-new-forced-marriage-law-gathers-momentum-in-uk,"July 12, 2012"
741,https://www.thenews.com.pk/print/666551-minor-girl-hurt-due-to-plane-crash-dies,"June 2, 2020"
742,https://www.thenews.com.pk/print/716494-government-considering-death-penalty-for-rape-offenders,"September 18, 2020"
743,https://www.thenews.com.pk/latest/155353-Parliament-adopts-bills-for-prevention-of-rape-honour-killing,"October 6, 2016"
744,https://www.thenews.com.pk/print/756462-main-suspect-in-badaber-girl-s-murder-still-at-large,"December 10, 2020"
745,https://www.thenews.com.pk/print/716434-framework-launched-to-empower-women,"September 18, 2020"
746,https://www.thenews.com.pk/latest/218096-Sajid-Bahadur-Kalsoom-murdered-for-honour-in-Karachi-Police,"July 22, 2017"
747,https://www.thenews.com.pk/print/737398-indian-boy-kills-father-watches-crime-patrol-serial-to-destroy-evidence,"November 1, 2020"
748,https://www.thenews.com.pk/Todays-News-13-26253-Indian-shelling-intensified-on-working-boundary,"October 24, 2013"
749,https://www.thenews.com.pk/print/649376-boy-falls-to-death,"April 25, 2020"
750,https://www.thenews.com.pk/print/727792-boy-crushed-to-death,"October 11, 2020"
751,https://www.thenews.com.pk/latest/751090-dsp-aneela-naz-becomes-first-woman-traffic-police-officer-in-peshawar,"November 29, 2020"
752,https://www.thenews.com.pk/latest/724090-forced-abortion-leads-to-death-of-allegedly-raped-bahawalpur-woman-police,"October 3, 2020"
753,https://www.thenews.com.pk/print/248080-indian-army-colonel-allegedly-rapes-daughter-of-lieutenant-colonel-arrested,"November 24, 2017"
754,https://www.thenews.com.pk/latest/723488-motorway-rape-case-pemra-directs-tv-channels-to-stop-coverage,"October 2, 2020"
755,https://www.thenews.com.pk/print/711043-family-blocks-university-road-for-hours-after-girl-found-raped-and-murdered,"September 7, 2020"
756,https://www.thenews.com.pk/print/657590-mother-of-gang-raped-victim-appeals-to-pm-for-justice,"May 12, 2020"
757,https://www.thenews.com.pk/print/682094-corruption-continues-to-pervade-police-stations,"July 5, 2020"
758,https://www.thenews.com.pk/print/685247-protesters-slam-cases-detention-mir-shakil-ur-rahman-paying-price-for-free-journalism,"July 11, 2020"
759,https://www.thenews.com.pk/print/754881-salma-agha-s-daughter-gets-rape-threats,"December 7, 2020"
760,https://www.thenews.com.pk/print/714180-civil-society-protests-motorway-rape-incident,"September 13, 2020"
761,https://www.thenews.com.pk/print/713235-motorway-rape-incident-public-fury-at-lahore-ccpo-remarks,"September 11, 2020"
762,https://www.thenews.com.pk/print/51966-npt-blackmail,"July 18, 2015"
763,https://www.thenews.com.pk/print/684029-17-year-old-boy-reunited-with-parents,"July 9, 2020"
764,https://www.thenews.com.pk/print/713007-child-abuse,"September 11, 2020"
765,https://www.thenews.com.pk/print/600696-child-abuse,"January 19, 2020"
766,https://www.thenews.com.pk/print/396505-sc-seeks-report-on-honour-killing-in-jhelum,"November 21, 2018"
767,https://www.thenews.com.pk/latest/669337-gilgit-man-who-allegedly-raped-assaulted-nine-year-old-arrested,"June 8, 2020"
768,https://www.thenews.com.pk/latest/734576-cardi-bs-cousin-marcelo-almanzar-and-ex-husband-offset-were-detained-for-this-reason,"October 26, 2020"
769,https://www.thenews.com.pk/print/741757-underage-marriage-case,"November 10, 2020"
770,https://www.thenews.com.pk/latest/756092-minor-boy-raped-after-he-was-kidnapped-police,"December 9, 2020"
771,https://www.thenews.com.pk/print/754746-women-in-politics,"December 7, 2020"
772,https://www.thenews.com.pk/latest/636217-iron-man-actor-keith-middlebrook-arrested-for-allegedly-selling-fake-coronavirus-drugs,"March 29, 2020"
773,https://www.thenews.com.pk/print/734808-police-martyrs-write-golden-chapter-with-their-blood,"October 26, 2020"
774,https://www.thenews.com.pk/print/514368-rajnath-s-statement-a-nuclear-blackmail,"August 19, 2019"
775,https://www.thenews.com.pk/print/708372-captainless-wto-in-troubled-water-with-no-land-in-sight,"September 1, 2020"
776,https://www.thenews.com.pk/print/738422-motorway-gang-rape-case-atc-grants-14-day-physical-remand-of-prime-suspect,"November 3, 2020"
777,https://www.thenews.com.pk/print/614196-supreme-court-directs-commissioner-to-furnish-report-on-rusticated-boy,"February 15, 2020"
778,https://www.thenews.com.pk/print/712822-no-grouping-in-punjab-police-igp,"September 10, 2020"
779,https://www.thenews.com.pk/print/367431-hungary-s-orban-denounces-blackmail-over-eu-censure-move,"September 12, 2018"
780,https://www.thenews.com.pk/print/275584-three-held-for-blackmailing-girl-students,"February 1, 2018"
781,https://www.thenews.com.pk/latest/321761-pakistans-new-envoy-to-us-ali-siddiqui-to-assume-office-on-may-29/,"May 26, 2018"
782,https://www.thenews.com.pk/print/705348-three-held-for-raping-13-year-old-girl-for-five-months,"August 25, 2020"
783,https://www.thenews.com.pk/latest/742313-girl-allegedly-raped-by-men-who-promised-to-get-her-a-job,"November 12, 2020"
784,https://www.thenews.com.pk/print/731098-passer-by-killed-in-di-khan-police-encounter,"October 18, 2020"
785,https://www.thenews.com.pk/latest/145962-Honour-killing-Police-arrest-brother-for-killing-sisterfromNewsdog=1,"August 28, 2016"
786,https://www.thenews.com.pk/print/717073-man-held-for-raping-blackmailing-woman,"September 19, 2020"
787,https://www.thenews.com.pk/print/172250-Anti-honour-killing-law-needs-many-changes-Babar,"December 16, 2016"
788,https://www.thenews.com.pk/print/660262-boy-found-strangled,"May 18, 2020"
789,https://www.thenews.com.pk/print/631408-girl-crushed-to-death,"March 19, 2020"
790,https://www.thenews.com.pk/print/100579-Bugti-murder-Musharraf-issued-noticeplea-against-his-acquittal,"February 24, 2016"
791,https://www.thenews.com.pk/print/271146-missing-boy-found-handed-over-to-parents,"January 21, 2018"
792,https://www.thenews.com.pk/print/743586-unicef-condemns-abuse-of-girl-mother-in-kashmore,"November 14, 2020"
793,https://www.thenews.com.pk/print/708839-fjwu-signs-mou-to-address-violence-against-women,"September 2, 2020"
794,https://www.thenews.com.pk/latest/323433-hareem-farooq-lauds-student-for-speaking-out-about-sexual-harrassment-at-karachi-college,"May 30, 2018"
795,https://www.thenews.com.pk/print/703221-allegedly-taking-bribe-from-pessi-offices,"August 20, 2020"
796,https://www.thenews.com.pk/print/741986-family-seeks-justice-as-man-dies-in-police-custody,"November 11, 2020"
797,https://www.thenews.com.pk/print/696350-girl-marries-girl-lhc-pindi-bench-orders-arrest-of-akash,"August 5, 2020"
798,https://www.thenews.com.pk/print/674955-what-hampered-implementation-of-police-order-2002,"June 20, 2020"
799,https://www.thenews.com.pk/print/751023-legal-experts-term-anti-rape-laws-a-gimmick,"November 29, 2020"
800,https://www.thenews.com.pk/print/606824-protest-staged-against-rising-incidents-of-child-abuse,"January 31, 2020"
801,https://www.thenews.com.pk/print/244591-The-Buffalo-Boy,"November 16, 2017"
802,https://www.thenews.com.pk/print/713268-lady-police-constable-shot-dead-in-presence-of-13-cops,"September 11, 2020"
803,https://www.thenews.com.pk/print/746869-sujawal-police-file-gang-rape,"November 21, 2020"
804,https://www.thenews.com.pk/latest/685261-tiger-king-zoo-human-remains-allegedly-found-in-alligator-pen,"July 11, 2020"
805,https://www.thenews.com.pk/print/676537-new-york-city-to-remove-roosevelt-statue-over-racism-concerns,"June 23, 2020"
806,https://www.thenews.com.pk/print/645369-compilation-of-data-on-impact-of-coronavirus-on-women-stressed,"April 17, 2020"
807,https://www.thenews.com.pk/print/305596-2012-torch-design-revealed,"April 17, 2018"
808,https://www.thenews.com.pk/print/630724-cj-asks-if-nab-wants-to-blackmail-ihc,"March 18, 2020"
809,https://www.thenews.com.pk/print/666703-china-accuses-us-of-selfishness-blackmail-over-cutting-ties-with-who,"June 2, 2020"
810,https://www.thenews.com.pk/print/183453-UAE-eco-villas-making-their-own-power-thanks-to-Pakistani-engineer+TheNewsInternational-National+,"February 2, 2017"
811,https://www.thenews.com.pk/latest/719417-gigi-hadid-blessed-with-a-baby-girl-with-zayn-malik,"September 24, 2020"
812,https://www.thenews.com.pk/print/725495-indian-woman-travels-over-800-km-to-file-rape-case-in-nagpur,"October 6, 2020"
813,https://www.thenews.com.pk/print/632081-fia-arrests-man-allegedly-involved-in-harassing-girl-online,"March 21, 2020"
814,https://www.thenews.com.pk/print/689180-the-horror-within,"July 20, 2020"
815,https://www.thenews.com.pk/print/586309-four-held-for-honour-killing-in-kohat,"December 21, 2019"
816,https://www.thenews.com.pk/archive/print/478175-child-abuse-a-tabooed-dilemma,"January 10, 2014"
817,https://www.thenews.com.pk/archive/print/311750-expressing-solidarity-with-victims-of-honour-killing,"July 15, 2011"
818,https://www.thenews.com.pk/print/688793-people-are-talking-about,"July 19, 2020"
819,https://www.thenews.com.pk/Todays-News-9-19155-Our-narrow-tax-base,"November 29, 2012"
820,https://www.thenews.com.pk/print/722354-police-accused-of-delayed-action-on-complaint-of-gang-rape-victim,"September 30, 2020"
821,https://www.thenews.com.pk/latest/736973-deepika-padukone-wishes-her-baby-girl-ananya-panday-as-she-celebrates-her-22nd-birthday,"October 30, 2020"
822,https://www.thenews.com.pk/print/125443-Armenian-genocide-charges-blackmail-of-Turkey-Erdogan+World-TheNewsInternational+,"June 5, 2016"
823,https://www.thenews.com.pk/print/654750-afghan-soldier-stabs-sister-in-honour-killing,"May 6, 2020"
824,https://www.thenews.com.pk/latest/428583-key-accused-in-honour-killing-of-rimsha-wassan-arrested,"February 6, 2019"
825,https://www.thenews.com.pk/print/751163-senate-deputy-chairman-accuses-nab-of-blackmail,"November 30, 2020"
826,https://www.thenews.com.pk/print/651037-world-may-see-more-gender-based-violence-cases,"April 28, 2020"
827,https://www.thenews.com.pk/latest/102066-Bilawal-urges-govt-to-pass-law-against-honour-killing,"March 1, 2016"
828,https://www.thenews.com.pk/latest/515875-qandeel-balochs-parents-plea-seeking-sons-acqutiita,"August 22, 2019"
829,https://www.thenews.com.pk/latest/747956-netflixs-a-suitable-boy-slapped-with-fir-for-questionable-scene,"November 23, 2020"
830,https://www.thenews.com.pk/latest/723026-elton-john-receives-flak-for-allegedly-breaking-mask-rules-on-italian-island,"October 2, 2020"
831,https://www.thenews.com.pk/print/726250-farewell-for-three-police-officers,"October 8, 2020"
832,https://www.thenews.com.pk/print/720272-police-officer-martyred-as-cops-chase-fleeing-robbers,"September 26, 2020"
833,https://www.thenews.com.pk/print/592261-capital-records-159-increase-in-child-abuse-cases-in-2019,"January 2, 2020"
834,https://www.thenews.com.pk/latest/718584-two-allegedly-kidnap-gang-rape-woman-in-karachi,"September 22, 2020"
835,https://www.thenews.com.pk/article-107813-Islamabad-police-arrest-22-suspects,"August 30, 2018"
836,https://www.thenews.com.pk/print/671959-four-killed-in-kabul-mosque-blast-govt,"June 13, 2020"
837,https://www.thenews.com.pk/print/714655-motorway-rape-suspect-surrenders-to-lahore-police,"September 14, 2020"
838,https://www.thenews.com.pk/print/683613-fia-arrests-man-allegedly-involved-in-child-pornography,"July 8, 2020"
839,https://www.thenews.com.pk/print/661379-four-accused-arrested-in-waziristan-honour-killing-case,"May 20, 2020"
840,https://www.thenews.com.pk/print/743068-issue-of-sexual-harassment-resurfaces-on-campuses,"November 13, 2020"
841,https://www.thenews.com.pk/latest/719475-gujranwala-woman-retracts-rape-accusations-against-cop,"September 24, 2020"
842,https://www.thenews.com.pk/print/736791-mazari-stresses-implementation-of-law-in-child-labour-abuse-cases,"October 30, 2020"
843,https://www.thenews.com.pk/latest/723414-priyanka-chopra-shocked-over-balrampur-gang-rape-incident-we-failed-our-women,"October 2, 2020"
844,https://www.thenews.com.pk/print/724438-rabbani-slams-pemra-ban-on-nawaz-speeches-motorway-rape,"October 4, 2020"
845,https://www.thenews.com.pk/print/715126-women-lawmakers-in-kp-condemn-lahore-gang-rape-incident,"September 15, 2020"
846,https://www.thenews.com.pk/print/473843-pindi-gang-rape-case-three-cops-among-four-accused-sent-on-5-day-physical-remand,"May 20, 2019"
847,https://www.thenews.com.pk/print/714325-one-motorway-gang-rape-suspect-surrenders,"September 14, 2020"
848,https://www.thenews.com.pk/print/714118-slovenia-woman-jailed,"September 13, 2020"
849,https://www.thenews.com.pk/latest/113832-Bilawal-condemns-Mardan-blast,"April 19, 2016"
850,https://www.thenews.com.pk/latest/756531-jason-momoa-presents-a-young-boy-with-a-life-size-aquaman-trident,"December 10, 2020"
851,https://www.thenews.com.pk/latest/193926-Women-only-pink-taxis-set-to-hit-Karachi-streets-by-tomorrow,"March 22, 2017"
852,https://www.thenews.com.pk/print/293278-four-men-involved-in-gang-rapes-blackmail-sent-on-judicial-remand,"March 17, 2018"
853,https://www.thenews.com.pk/print/735963-motorway-gang-rape-abid-malhi-s-judicial-remand-extended-till-nov-2,"October 28, 2020"
854,https://www.thenews.com.pk/print/385497-after-kasur-another-child-abuse-scandal-emerges,"October 26, 2018"
855,https://www.thenews.com.pk/print/715560-shujaat-demands-strict-legislation-against-child-abuse,"September 16, 2020"
856,https://www.thenews.com.pk/latest/247076-us-mom-details-brutality-at-hands-of-taliban-faction,"November 21, 2017"
857,https://www.thenews.com.pk/print/255457-18-women-face-heinous-crimes-daily-in-pakistan,"December 13, 2017"
858,https://www.thenews.com.pk/print/707618-the-greatest-tragedy,"August 30, 2020"
859,https://www.thenews.com.pk/print/198393-Police-fail-to-register-case-of-teenage-girls-honour-killing,"April 14, 2017"
860,https://www.thenews.com.pk/print/725598-teenage-girl-who-stole-motorbikes-in-guise-of-boy-held,"October 7, 2020"
861,https://www.thenews.com.pk/print/543414-50-women-28-men-killed-in-name-of-honour-in-sindh-this-year-police,"October 20, 2019"
862,https://www.thenews.com.pk/print/44851-tension-mounts-at-ned-as-employees-stage-sit-in,"June 9, 2015"
863,https://www.thenews.com.pk/print/714023-pml-n-condemns-gang-rape-of-woman,"September 13, 2020"
864,https://www.thenews.com.pk/latest/712845-kevin-spacey-sued-for-allegedly-sexually-assaulting-actor-anthony-rapp,"September 10, 2020"
865,https://www.thenews.com.pk/print/535848-cm-approves-model-police-stations-upgraded-pay-scale-transgender-persons-quota,"October 4, 2019"
866,https://www.thenews.com.pk/latest/747503-controversial-scenes-in-a-suitable-boy-stir-trouble-for-netflix-in-india,"November 23, 2020"
867,https://www.thenews.com.pk/print/730529-father-held-for-killing-daughter-for-honour,"October 17, 2020"
868,https://www.thenews.com.pk/print/674931-blackmail-indecision-and-breach-of-contract,"June 20, 2020"
869,https://www.thenews.com.pk/print/655167-after-killing-hasnain-stray-dogs-claim-life-of-another-boy-from-larkana,"May 7, 2020"
870,https://www.thenews.com.pk/print/696177-police-martyrs-day-observed,"August 5, 2020"
